"cell_num"	"coverage_mean"	"coverage_variance"	"eff_seq_err_rate"	"ado_rate"	"deletion_rate"	"insertion_rate"	"dataset"	"tool"	"snv_type"	"tool_setup"	"fine_tune_type"	"data_type"	"inferred_tree"	"real_tree"	"max_clades"	"RF_distance"	"normalized_RF_distance"	"weighted_RF_distance"	"normalized_weighted_RF_distance"	"rooted_branch_score_difference"
40	20	2	0.001999	0.3	8e-07	0	1	"sciphi"	"candidate_snvs"	NA	NA	"no_cnv"	"/raid/kang/DelSIEVE/simulation_results/IndelSIEVE_benchmark_pipeline_sa_002/benchmark_results/sciphi/no_cnv/0001/sciphi/best_index/tree.nexus"	"/raid/kang/DelSIEVE/simulation_results/IndelSIEVE_benchmark_pipeline_sa_002/benchmark_results/simulated_data/results/converted_trees_dir/with_trunk_without_normal_dir/tree.0001"	76	12	0.157894736842105	NA	NA	NA
40	20	2	0.001999	0.3	8e-07	0	2	"sciphi"	"candidate_snvs"	NA	NA	"no_cnv"	"/raid/kang/DelSIEVE/simulation_results/IndelSIEVE_benchmark_pipeline_sa_002/benchmark_results/sciphi/no_cnv/0002/sciphi/best_index/tree.nexus"	"/raid/kang/DelSIEVE/simulation_results/IndelSIEVE_benchmark_pipeline_sa_002/benchmark_results/simulated_data/results/converted_trees_dir/with_trunk_without_normal_dir/tree.0002"	76	14	0.184210526315789	NA	NA	NA
40	20	2	0.001999	0.3	8e-07	0	3	"sciphi"	"candidate_snvs"	NA	NA	"no_cnv"	"/raid/kang/DelSIEVE/simulation_results/IndelSIEVE_benchmark_pipeline_sa_002/benchmark_results/sciphi/no_cnv/0003/sciphi/best_index/tree.nexus"	"/raid/kang/DelSIEVE/simulation_results/IndelSIEVE_benchmark_pipeline_sa_002/benchmark_results/simulated_data/results/converted_trees_dir/with_trunk_without_normal_dir/tree.0003"	76	8	0.105263157894737	NA	NA	NA
40	20	2	0.001999	0.3	8e-07	0	4	"sciphi"	"candidate_snvs"	NA	NA	"no_cnv"	"/raid/kang/DelSIEVE/simulation_results/IndelSIEVE_benchmark_pipeline_sa_002/benchmark_results/sciphi/no_cnv/0004/sciphi/best_index/tree.nexus"	"/raid/kang/DelSIEVE/simulation_results/IndelSIEVE_benchmark_pipeline_sa_002/benchmark_results/simulated_data/results/converted_trees_dir/with_trunk_without_normal_dir/tree.0004"	76	24	0.315789473684211	NA	NA	NA
40	20	2	0.001999	0.3	8e-07	0	5	"sciphi"	"candidate_snvs"	NA	NA	"no_cnv"	"/raid/kang/DelSIEVE/simulation_results/IndelSIEVE_benchmark_pipeline_sa_002/benchmark_results/sciphi/no_cnv/0005/sciphi/best_index/tree.nexus"	"/raid/kang/DelSIEVE/simulation_results/IndelSIEVE_benchmark_pipeline_sa_002/benchmark_results/simulated_data/results/converted_trees_dir/with_trunk_without_normal_dir/tree.0005"	76	26	0.342105263157895	NA	NA	NA
40	20	2	0.001999	0.3	8e-07	0	6	"sciphi"	"candidate_snvs"	NA	NA	"no_cnv"	"/raid/kang/DelSIEVE/simulation_results/IndelSIEVE_benchmark_pipeline_sa_002/benchmark_results/sciphi/no_cnv/0006/sciphi/best_index/tree.nexus"	"/raid/kang/DelSIEVE/simulation_results/IndelSIEVE_benchmark_pipeline_sa_002/benchmark_results/simulated_data/results/converted_trees_dir/with_trunk_without_normal_dir/tree.0006"	76	18	0.236842105263158	NA	NA	NA
40	20	2	0.001999	0.3	8e-07	0	7	"sciphi"	"candidate_snvs"	NA	NA	"no_cnv"	"/raid/kang/DelSIEVE/simulation_results/IndelSIEVE_benchmark_pipeline_sa_002/benchmark_results/sciphi/no_cnv/0007/sciphi/best_index/tree.nexus"	"/raid/kang/DelSIEVE/simulation_results/IndelSIEVE_benchmark_pipeline_sa_002/benchmark_results/simulated_data/results/converted_trees_dir/with_trunk_without_normal_dir/tree.0007"	76	10	0.131578947368421	NA	NA	NA
40	20	2	0.001999	0.3	8e-07	0	8	"sciphi"	"candidate_snvs"	NA	NA	"no_cnv"	"/raid/kang/DelSIEVE/simulation_results/IndelSIEVE_benchmark_pipeline_sa_002/benchmark_results/sciphi/no_cnv/0008/sciphi/best_index/tree.nexus"	"/raid/kang/DelSIEVE/simulation_results/IndelSIEVE_benchmark_pipeline_sa_002/benchmark_results/simulated_data/results/converted_trees_dir/with_trunk_without_normal_dir/tree.0008"	76	16	0.210526315789474	NA	NA	NA
40	20	2	0.001999	0.3	8e-07	0	9	"sciphi"	"candidate_snvs"	NA	NA	"no_cnv"	"/raid/kang/DelSIEVE/simulation_results/IndelSIEVE_benchmark_pipeline_sa_002/benchmark_results/sciphi/no_cnv/0009/sciphi/best_index/tree.nexus"	"/raid/kang/DelSIEVE/simulation_results/IndelSIEVE_benchmark_pipeline_sa_002/benchmark_results/simulated_data/results/converted_trees_dir/with_trunk_without_normal_dir/tree.0009"	76	16	0.210526315789474	NA	NA	NA
40	20	2	0.001999	0.3	8e-07	0	10	"sciphi"	"candidate_snvs"	NA	NA	"no_cnv"	"/raid/kang/DelSIEVE/simulation_results/IndelSIEVE_benchmark_pipeline_sa_002/benchmark_results/sciphi/no_cnv/0010/sciphi/best_index/tree.nexus"	"/raid/kang/DelSIEVE/simulation_results/IndelSIEVE_benchmark_pipeline_sa_002/benchmark_results/simulated_data/results/converted_trees_dir/with_trunk_without_normal_dir/tree.0010"	76	24	0.315789473684211	NA	NA	NA
40	20	2	0.001999	0.3	8e-07	0	1	"sciphin"	"candidate_snvs"	NA	NA	"no_cnv"	"/raid/kang/DelSIEVE/simulation_results/IndelSIEVE_benchmark_pipeline_sa_002/benchmark_results/sciphin/no_cnv/0001/sciphin/best_index/tree.nexus"	"/raid/kang/DelSIEVE/simulation_results/IndelSIEVE_benchmark_pipeline_sa_002/benchmark_results/simulated_data/results/converted_trees_dir/with_trunk_without_normal_dir/tree.0001"	76	12	0.157894736842105	NA	NA	NA
40	20	2	0.001999	0.3	8e-07	0	2	"sciphin"	"candidate_snvs"	NA	NA	"no_cnv"	"/raid/kang/DelSIEVE/simulation_results/IndelSIEVE_benchmark_pipeline_sa_002/benchmark_results/sciphin/no_cnv/0002/sciphin/best_index/tree.nexus"	"/raid/kang/DelSIEVE/simulation_results/IndelSIEVE_benchmark_pipeline_sa_002/benchmark_results/simulated_data/results/converted_trees_dir/with_trunk_without_normal_dir/tree.0002"	76	12	0.157894736842105	NA	NA	NA
40	20	2	0.001999	0.3	8e-07	0	3	"sciphin"	"candidate_snvs"	NA	NA	"no_cnv"	"/raid/kang/DelSIEVE/simulation_results/IndelSIEVE_benchmark_pipeline_sa_002/benchmark_results/sciphin/no_cnv/0003/sciphin/best_index/tree.nexus"	"/raid/kang/DelSIEVE/simulation_results/IndelSIEVE_benchmark_pipeline_sa_002/benchmark_results/simulated_data/results/converted_trees_dir/with_trunk_without_normal_dir/tree.0003"	76	10	0.131578947368421	NA	NA	NA
40	20	2	0.001999	0.3	8e-07	0	4	"sciphin"	"candidate_snvs"	NA	NA	"no_cnv"	"/raid/kang/DelSIEVE/simulation_results/IndelSIEVE_benchmark_pipeline_sa_002/benchmark_results/sciphin/no_cnv/0004/sciphin/best_index/tree.nexus"	"/raid/kang/DelSIEVE/simulation_results/IndelSIEVE_benchmark_pipeline_sa_002/benchmark_results/simulated_data/results/converted_trees_dir/with_trunk_without_normal_dir/tree.0004"	76	14	0.184210526315789	NA	NA	NA
40	20	2	0.001999	0.3	8e-07	0	5	"sciphin"	"candidate_snvs"	NA	NA	"no_cnv"	"/raid/kang/DelSIEVE/simulation_results/IndelSIEVE_benchmark_pipeline_sa_002/benchmark_results/sciphin/no_cnv/0005/sciphin/best_index/tree.nexus"	"/raid/kang/DelSIEVE/simulation_results/IndelSIEVE_benchmark_pipeline_sa_002/benchmark_results/simulated_data/results/converted_trees_dir/with_trunk_without_normal_dir/tree.0005"	76	20	0.263157894736842	NA	NA	NA
40	20	2	0.001999	0.3	8e-07	0	6	"sciphin"	"candidate_snvs"	NA	NA	"no_cnv"	"/raid/kang/DelSIEVE/simulation_results/IndelSIEVE_benchmark_pipeline_sa_002/benchmark_results/sciphin/no_cnv/0006/sciphin/best_index/tree.nexus"	"/raid/kang/DelSIEVE/simulation_results/IndelSIEVE_benchmark_pipeline_sa_002/benchmark_results/simulated_data/results/converted_trees_dir/with_trunk_without_normal_dir/tree.0006"	76	16	0.210526315789474	NA	NA	NA
40	20	2	0.001999	0.3	8e-07	0	7	"sciphin"	"candidate_snvs"	NA	NA	"no_cnv"	"/raid/kang/DelSIEVE/simulation_results/IndelSIEVE_benchmark_pipeline_sa_002/benchmark_results/sciphin/no_cnv/0007/sciphin/best_index/tree.nexus"	"/raid/kang/DelSIEVE/simulation_results/IndelSIEVE_benchmark_pipeline_sa_002/benchmark_results/simulated_data/results/converted_trees_dir/with_trunk_without_normal_dir/tree.0007"	76	14	0.184210526315789	NA	NA	NA
40	20	2	0.001999	0.3	8e-07	0	8	"sciphin"	"candidate_snvs"	NA	NA	"no_cnv"	"/raid/kang/DelSIEVE/simulation_results/IndelSIEVE_benchmark_pipeline_sa_002/benchmark_results/sciphin/no_cnv/0008/sciphin/best_index/tree.nexus"	"/raid/kang/DelSIEVE/simulation_results/IndelSIEVE_benchmark_pipeline_sa_002/benchmark_results/simulated_data/results/converted_trees_dir/with_trunk_without_normal_dir/tree.0008"	76	14	0.184210526315789	NA	NA	NA
40	20	2	0.001999	0.3	8e-07	0	9	"sciphin"	"candidate_snvs"	NA	NA	"no_cnv"	"/raid/kang/DelSIEVE/simulation_results/IndelSIEVE_benchmark_pipeline_sa_002/benchmark_results/sciphin/no_cnv/0009/sciphin/best_index/tree.nexus"	"/raid/kang/DelSIEVE/simulation_results/IndelSIEVE_benchmark_pipeline_sa_002/benchmark_results/simulated_data/results/converted_trees_dir/with_trunk_without_normal_dir/tree.0009"	76	10	0.131578947368421	NA	NA	NA
40	20	2	0.001999	0.3	8e-07	0	10	"sciphin"	"candidate_snvs"	NA	NA	"no_cnv"	"/raid/kang/DelSIEVE/simulation_results/IndelSIEVE_benchmark_pipeline_sa_002/benchmark_results/sciphin/no_cnv/0010/sciphin/best_index/tree.nexus"	"/raid/kang/DelSIEVE/simulation_results/IndelSIEVE_benchmark_pipeline_sa_002/benchmark_results/simulated_data/results/converted_trees_dir/with_trunk_without_normal_dir/tree.0010"	76	20	0.263157894736842	NA	NA	NA
40	20	2	0.001999	0.3	8e-07	0	1	"sieve"	"candidate_snvs"	"smc_mu_sa_stage_1"	"mt"	"no_cnv"	"/raid/kang/DelSIEVE/simulation_results/IndelSIEVE_benchmark_pipeline_sa_002/benchmark_results/indelsieve/from_candidate/phylogenetic_inference/mt/no_cnv/smc_mu_sa_stage_1/0001/indelsieve_simple.tree"	"/raid/kang/DelSIEVE/simulation_results/IndelSIEVE_benchmark_pipeline_sa_002/benchmark_results/simulated_data/results/converted_trees_dir/with_trunk_without_normal_dir/tree.0001"	76	2	0.0263157894736842	5.9839109497299	0.999997665852629	1.41915118362814
40	20	2	0.001999	0.3	8e-07	0	2	"sieve"	"candidate_snvs"	"smc_mu_sa_stage_1"	"mt"	"no_cnv"	"/raid/kang/DelSIEVE/simulation_results/IndelSIEVE_benchmark_pipeline_sa_002/benchmark_results/indelsieve/from_candidate/phylogenetic_inference/mt/no_cnv/smc_mu_sa_stage_1/0002/indelsieve_simple.tree"	"/raid/kang/DelSIEVE/simulation_results/IndelSIEVE_benchmark_pipeline_sa_002/benchmark_results/simulated_data/results/converted_trees_dir/with_trunk_without_normal_dir/tree.0002"	76	16	0.210526315789474	6.40953896792171	0.999997779673439	1.82982171837762
40	20	2	0.001999	0.3	8e-07	0	3	"sieve"	"candidate_snvs"	"smc_mu_sa_stage_1"	"mt"	"no_cnv"	"/raid/kang/DelSIEVE/simulation_results/IndelSIEVE_benchmark_pipeline_sa_002/benchmark_results/indelsieve/from_candidate/phylogenetic_inference/mt/no_cnv/smc_mu_sa_stage_1/0003/indelsieve_simple.tree"	"/raid/kang/DelSIEVE/simulation_results/IndelSIEVE_benchmark_pipeline_sa_002/benchmark_results/simulated_data/results/converted_trees_dir/with_trunk_without_normal_dir/tree.0003"	76	4	0.0526315789473684	6.02180423251291	0.999997778231352	1.49856593947428
40	20	2	0.001999	0.3	8e-07	0	4	"sieve"	"candidate_snvs"	"smc_mu_sa_stage_1"	"mt"	"no_cnv"	"/raid/kang/DelSIEVE/simulation_results/IndelSIEVE_benchmark_pipeline_sa_002/benchmark_results/indelsieve/from_candidate/phylogenetic_inference/mt/no_cnv/smc_mu_sa_stage_1/0004/indelsieve_simple.tree"	"/raid/kang/DelSIEVE/simulation_results/IndelSIEVE_benchmark_pipeline_sa_002/benchmark_results/simulated_data/results/converted_trees_dir/with_trunk_without_normal_dir/tree.0004"	76	14	0.184210526315789	6.07371448867405	0.999998226202082	2.22495076621188
40	20	2	0.001999	0.3	8e-07	0	5	"sieve"	"candidate_snvs"	"smc_mu_sa_stage_1"	"mt"	"no_cnv"	"/raid/kang/DelSIEVE/simulation_results/IndelSIEVE_benchmark_pipeline_sa_002/benchmark_results/indelsieve/from_candidate/phylogenetic_inference/mt/no_cnv/smc_mu_sa_stage_1/0005/indelsieve_simple.tree"	"/raid/kang/DelSIEVE/simulation_results/IndelSIEVE_benchmark_pipeline_sa_002/benchmark_results/simulated_data/results/converted_trees_dir/with_trunk_without_normal_dir/tree.0005"	76	6	0.0789473684210526	6.47721749934617	0.9999977871063	1.75330585875268
40	20	2	0.001999	0.3	8e-07	0	6	"sieve"	"candidate_snvs"	"smc_mu_sa_stage_1"	"mt"	"no_cnv"	"/raid/kang/DelSIEVE/simulation_results/IndelSIEVE_benchmark_pipeline_sa_002/benchmark_results/indelsieve/from_candidate/phylogenetic_inference/mt/no_cnv/smc_mu_sa_stage_1/0006/indelsieve_simple.tree"	"/raid/kang/DelSIEVE/simulation_results/IndelSIEVE_benchmark_pipeline_sa_002/benchmark_results/simulated_data/results/converted_trees_dir/with_trunk_without_normal_dir/tree.0006"	76	2	0.0263157894736842	5.7934276243575	0.999998158982452	1.14980218206939
40	20	2	0.001999	0.3	8e-07	0	7	"sieve"	"candidate_snvs"	"smc_mu_sa_stage_1"	"mt"	"no_cnv"	"/raid/kang/DelSIEVE/simulation_results/IndelSIEVE_benchmark_pipeline_sa_002/benchmark_results/indelsieve/from_candidate/phylogenetic_inference/mt/no_cnv/smc_mu_sa_stage_1/0007/indelsieve_simple.tree"	"/raid/kang/DelSIEVE/simulation_results/IndelSIEVE_benchmark_pipeline_sa_002/benchmark_results/simulated_data/results/converted_trees_dir/with_trunk_without_normal_dir/tree.0007"	76	6	0.0789473684210526	5.73522088582075	0.999997822870969	1.33767181368324
40	20	2	0.001999	0.3	8e-07	0	8	"sieve"	"candidate_snvs"	"smc_mu_sa_stage_1"	"mt"	"no_cnv"	"/raid/kang/DelSIEVE/simulation_results/IndelSIEVE_benchmark_pipeline_sa_002/benchmark_results/indelsieve/from_candidate/phylogenetic_inference/mt/no_cnv/smc_mu_sa_stage_1/0008/indelsieve_simple.tree"	"/raid/kang/DelSIEVE/simulation_results/IndelSIEVE_benchmark_pipeline_sa_002/benchmark_results/simulated_data/results/converted_trees_dir/with_trunk_without_normal_dir/tree.0008"	76	8	0.105263157894737	6.06427554940855	0.999997701703427	1.33947019490767
40	20	2	0.001999	0.3	8e-07	0	9	"sieve"	"candidate_snvs"	"smc_mu_sa_stage_1"	"mt"	"no_cnv"	"/raid/kang/DelSIEVE/simulation_results/IndelSIEVE_benchmark_pipeline_sa_002/benchmark_results/indelsieve/from_candidate/phylogenetic_inference/mt/no_cnv/smc_mu_sa_stage_1/0009/indelsieve_simple.tree"	"/raid/kang/DelSIEVE/simulation_results/IndelSIEVE_benchmark_pipeline_sa_002/benchmark_results/simulated_data/results/converted_trees_dir/with_trunk_without_normal_dir/tree.0009"	76	4	0.0526315789473684	5.62801216210134	0.999997796515288	1.31179688626138
40	20	2	0.001999	0.3	8e-07	0	10	"sieve"	"candidate_snvs"	"smc_mu_sa_stage_1"	"mt"	"no_cnv"	"/raid/kang/DelSIEVE/simulation_results/IndelSIEVE_benchmark_pipeline_sa_002/benchmark_results/indelsieve/from_candidate/phylogenetic_inference/mt/no_cnv/smc_mu_sa_stage_1/0010/indelsieve_simple.tree"	"/raid/kang/DelSIEVE/simulation_results/IndelSIEVE_benchmark_pipeline_sa_002/benchmark_results/simulated_data/results/converted_trees_dir/with_trunk_without_normal_dir/tree.0010"	76	8	0.105263157894737	6.11706274358851	0.999997796455878	1.4982275877205
40	20	2	0.001999	0.3	8e-07	0	1	"indelsieve"	"candidate_snvs"	"smc_mudel_sa_stage_1"	"mt"	"no_cnv"	"/raid/kang/DelSIEVE/simulation_results/IndelSIEVE_benchmark_pipeline_sa_002/benchmark_results/indelsieve/from_candidate/phylogenetic_inference/mt/no_cnv/smc_mudel_sa_stage_1/0001/indelsieve_simple.tree"	"/raid/kang/DelSIEVE/simulation_results/IndelSIEVE_benchmark_pipeline_sa_002/benchmark_results/simulated_data/results/converted_trees_dir/with_trunk_without_normal_dir/tree.0001"	76	4	0.0526315789473684	7.77759355497368	0.999998211637366	1.80657865971052
40	20	2	0.001999	0.3	8e-07	0	2	"indelsieve"	"candidate_snvs"	"smc_mudel_sa_stage_1"	"mt"	"no_cnv"	"/raid/kang/DelSIEVE/simulation_results/IndelSIEVE_benchmark_pipeline_sa_002/benchmark_results/indelsieve/from_candidate/phylogenetic_inference/mt/no_cnv/smc_mudel_sa_stage_1/0002/indelsieve_simple.tree"	"/raid/kang/DelSIEVE/simulation_results/IndelSIEVE_benchmark_pipeline_sa_002/benchmark_results/simulated_data/results/converted_trees_dir/with_trunk_without_normal_dir/tree.0002"	76	16	0.210526315789474	8.10349087067285	0.999998243809187	2.24890147011965
40	20	2	0.001999	0.3	8e-07	0	3	"indelsieve"	"candidate_snvs"	"smc_mudel_sa_stage_1"	"mt"	"no_cnv"	"/raid/kang/DelSIEVE/simulation_results/IndelSIEVE_benchmark_pipeline_sa_002/benchmark_results/indelsieve/from_candidate/phylogenetic_inference/mt/no_cnv/smc_mudel_sa_stage_1/0003/indelsieve_simple.tree"	"/raid/kang/DelSIEVE/simulation_results/IndelSIEVE_benchmark_pipeline_sa_002/benchmark_results/simulated_data/results/converted_trees_dir/with_trunk_without_normal_dir/tree.0003"	76	4	0.0526315789473684	7.51378846805676	0.99999821697848	1.79115068178968
40	20	2	0.001999	0.3	8e-07	0	4	"indelsieve"	"candidate_snvs"	"smc_mudel_sa_stage_1"	"mt"	"no_cnv"	"/raid/kang/DelSIEVE/simulation_results/IndelSIEVE_benchmark_pipeline_sa_002/benchmark_results/indelsieve/from_candidate/phylogenetic_inference/mt/no_cnv/smc_mudel_sa_stage_1/0004/indelsieve_simple.tree"	"/raid/kang/DelSIEVE/simulation_results/IndelSIEVE_benchmark_pipeline_sa_002/benchmark_results/simulated_data/results/converted_trees_dir/with_trunk_without_normal_dir/tree.0004"	76	8	0.105263157894737	7.51357261115237	0.999998564388181	2.70140502771294
40	20	2	0.001999	0.3	8e-07	0	5	"indelsieve"	"candidate_snvs"	"smc_mudel_sa_stage_1"	"mt"	"no_cnv"	"/raid/kang/DelSIEVE/simulation_results/IndelSIEVE_benchmark_pipeline_sa_002/benchmark_results/indelsieve/from_candidate/phylogenetic_inference/mt/no_cnv/smc_mudel_sa_stage_1/0005/indelsieve_simple.tree"	"/raid/kang/DelSIEVE/simulation_results/IndelSIEVE_benchmark_pipeline_sa_002/benchmark_results/simulated_data/results/converted_trees_dir/with_trunk_without_normal_dir/tree.0005"	76	4	0.0526315789473684	8.22672308274624	0.999998250943269	2.14631073796834
40	20	2	0.001999	0.3	8e-07	0	6	"indelsieve"	"candidate_snvs"	"smc_mudel_sa_stage_1"	"mt"	"no_cnv"	"/raid/kang/DelSIEVE/simulation_results/IndelSIEVE_benchmark_pipeline_sa_002/benchmark_results/indelsieve/from_candidate/phylogenetic_inference/mt/no_cnv/smc_mudel_sa_stage_1/0006/indelsieve_simple.tree"	"/raid/kang/DelSIEVE/simulation_results/IndelSIEVE_benchmark_pipeline_sa_002/benchmark_results/simulated_data/results/converted_trees_dir/with_trunk_without_normal_dir/tree.0006"	76	2	0.0263157894736842	7.29468263898627	0.999998537865663	1.43555789912571
40	20	2	0.001999	0.3	8e-07	0	7	"indelsieve"	"candidate_snvs"	"smc_mudel_sa_stage_1"	"mt"	"no_cnv"	"/raid/kang/DelSIEVE/simulation_results/IndelSIEVE_benchmark_pipeline_sa_002/benchmark_results/indelsieve/from_candidate/phylogenetic_inference/mt/no_cnv/smc_mudel_sa_stage_1/0007/indelsieve_simple.tree"	"/raid/kang/DelSIEVE/simulation_results/IndelSIEVE_benchmark_pipeline_sa_002/benchmark_results/simulated_data/results/converted_trees_dir/with_trunk_without_normal_dir/tree.0007"	76	6	0.0789473684210526	7.23830019055208	0.999998274964949	1.64175361699109
40	20	2	0.001999	0.3	8e-07	0	8	"indelsieve"	"candidate_snvs"	"smc_mudel_sa_stage_1"	"mt"	"no_cnv"	"/raid/kang/DelSIEVE/simulation_results/IndelSIEVE_benchmark_pipeline_sa_002/benchmark_results/indelsieve/from_candidate/phylogenetic_inference/mt/no_cnv/smc_mudel_sa_stage_1/0008/indelsieve_simple.tree"	"/raid/kang/DelSIEVE/simulation_results/IndelSIEVE_benchmark_pipeline_sa_002/benchmark_results/simulated_data/results/converted_trees_dir/with_trunk_without_normal_dir/tree.0008"	76	10	0.131578947368421	7.71358730406144	0.999998193423062	1.68200477249165
40	20	2	0.001999	0.3	8e-07	0	9	"indelsieve"	"candidate_snvs"	"smc_mudel_sa_stage_1"	"mt"	"no_cnv"	"/raid/kang/DelSIEVE/simulation_results/IndelSIEVE_benchmark_pipeline_sa_002/benchmark_results/indelsieve/from_candidate/phylogenetic_inference/mt/no_cnv/smc_mudel_sa_stage_1/0009/indelsieve_simple.tree"	"/raid/kang/DelSIEVE/simulation_results/IndelSIEVE_benchmark_pipeline_sa_002/benchmark_results/simulated_data/results/converted_trees_dir/with_trunk_without_normal_dir/tree.0009"	76	6	0.0789473684210526	7.11867913216355	0.999998258588045	1.63749959250452
40	20	2	0.001999	0.3	8e-07	0	10	"indelsieve"	"candidate_snvs"	"smc_mudel_sa_stage_1"	"mt"	"no_cnv"	"/raid/kang/DelSIEVE/simulation_results/IndelSIEVE_benchmark_pipeline_sa_002/benchmark_results/indelsieve/from_candidate/phylogenetic_inference/mt/no_cnv/smc_mudel_sa_stage_1/0010/indelsieve_simple.tree"	"/raid/kang/DelSIEVE/simulation_results/IndelSIEVE_benchmark_pipeline_sa_002/benchmark_results/simulated_data/results/converted_trees_dir/with_trunk_without_normal_dir/tree.0010"	76	8	0.105263157894737	7.9183782078532	0.999998297729149	1.95140486666058
40	20	2	0.001999	0.3	8e-07	0	1	"sieve"	"candidate_snvs"	"smc_mu_sa_stage_1-smc_mu_sa_stage_2"	"mt"	"no_cnv"	"/raid/kang/DelSIEVE/simulation_results/IndelSIEVE_benchmark_pipeline_sa_002/benchmark_results/indelsieve/from_candidate/phylogenetic_inference/stage2/mt/no_cnv/smc_mu_sa_stage_1-smc_mu_sa_stage_2/0001/indelsieve_simple.tree"	"/raid/kang/DelSIEVE/simulation_results/IndelSIEVE_benchmark_pipeline_sa_002/benchmark_results/simulated_data/results/converted_trees_dir/with_trunk_without_normal_dir/tree.0001"	76	4	0.0526315789473684	0.519396065106033	0.999973134523026	0.127383262038386
40	20	2	0.001999	0.3	8e-07	0	1	"indelsieve"	"candidate_snvs"	"smc_mudel_sa_stage_1-smc_mudel_sa_stage_2"	"mt"	"no_cnv"	"/raid/kang/DelSIEVE/simulation_results/IndelSIEVE_benchmark_pipeline_sa_002/benchmark_results/indelsieve/from_candidate/phylogenetic_inference/stage2/mt/no_cnv/smc_mudel_sa_stage_1-smc_mudel_sa_stage_2/0001/indelsieve_simple.tree"	"/raid/kang/DelSIEVE/simulation_results/IndelSIEVE_benchmark_pipeline_sa_002/benchmark_results/simulated_data/results/converted_trees_dir/with_trunk_without_normal_dir/tree.0001"	76	4	0.0526315789473684	0.663578629704064	0.999978971739208	0.161673665163662
40	20	2	0.001999	0.3	8e-07	0	2	"sieve"	"candidate_snvs"	"smc_mu_sa_stage_1-smc_mu_sa_stage_2"	"mt"	"no_cnv"	"/raid/kang/DelSIEVE/simulation_results/IndelSIEVE_benchmark_pipeline_sa_002/benchmark_results/indelsieve/from_candidate/phylogenetic_inference/stage2/mt/no_cnv/smc_mu_sa_stage_1-smc_mu_sa_stage_2/0002/indelsieve_simple.tree"	"/raid/kang/DelSIEVE/simulation_results/IndelSIEVE_benchmark_pipeline_sa_002/benchmark_results/simulated_data/results/converted_trees_dir/with_trunk_without_normal_dir/tree.0002"	76	16	0.210526315789474	0.516832486192233	0.999972465141536	0.150793073857814
40	20	2	0.001999	0.3	8e-07	0	2	"indelsieve"	"candidate_snvs"	"smc_mudel_sa_stage_1-smc_mudel_sa_stage_2"	"mt"	"no_cnv"	"/raid/kang/DelSIEVE/simulation_results/IndelSIEVE_benchmark_pipeline_sa_002/benchmark_results/indelsieve/from_candidate/phylogenetic_inference/stage2/mt/no_cnv/smc_mudel_sa_stage_1-smc_mudel_sa_stage_2/0002/indelsieve_simple.tree"	"/raid/kang/DelSIEVE/simulation_results/IndelSIEVE_benchmark_pipeline_sa_002/benchmark_results/simulated_data/results/converted_trees_dir/with_trunk_without_normal_dir/tree.0002"	76	16	0.210526315789474	0.650900259956934	0.999978136450478	0.188593775058944
40	20	2	0.001999	0.3	8e-07	0	3	"sieve"	"candidate_snvs"	"smc_mu_sa_stage_1-smc_mu_sa_stage_2"	"mt"	"no_cnv"	"/raid/kang/DelSIEVE/simulation_results/IndelSIEVE_benchmark_pipeline_sa_002/benchmark_results/indelsieve/from_candidate/phylogenetic_inference/stage2/mt/no_cnv/smc_mu_sa_stage_1-smc_mu_sa_stage_2/0003/indelsieve_simple.tree"	"/raid/kang/DelSIEVE/simulation_results/IndelSIEVE_benchmark_pipeline_sa_002/benchmark_results/simulated_data/results/converted_trees_dir/with_trunk_without_normal_dir/tree.0003"	76	4	0.0526315789473684	0.506189352521233	0.999973569708855	0.127870681633519
40	20	2	0.001999	0.3	8e-07	0	3	"indelsieve"	"candidate_snvs"	"smc_mudel_sa_stage_1-smc_mudel_sa_stage_2"	"mt"	"no_cnv"	"/raid/kang/DelSIEVE/simulation_results/IndelSIEVE_benchmark_pipeline_sa_002/benchmark_results/indelsieve/from_candidate/phylogenetic_inference/stage2/mt/no_cnv/smc_mudel_sa_stage_1-smc_mudel_sa_stage_2/0003/indelsieve_simple.tree"	"/raid/kang/DelSIEVE/simulation_results/IndelSIEVE_benchmark_pipeline_sa_002/benchmark_results/simulated_data/results/converted_trees_dir/with_trunk_without_normal_dir/tree.0003"	76	4	0.0526315789473684	0.628933843125205	0.999978698896243	0.156812622275063
40	20	2	0.001999	0.3	8e-07	0	4	"sieve"	"candidate_snvs"	"smc_mu_sa_stage_1-smc_mu_sa_stage_2"	"mt"	"no_cnv"	"/raid/kang/DelSIEVE/simulation_results/IndelSIEVE_benchmark_pipeline_sa_002/benchmark_results/indelsieve/from_candidate/phylogenetic_inference/stage2/mt/no_cnv/smc_mu_sa_stage_1-smc_mu_sa_stage_2/0004/indelsieve_simple.tree"	"/raid/kang/DelSIEVE/simulation_results/IndelSIEVE_benchmark_pipeline_sa_002/benchmark_results/simulated_data/results/converted_trees_dir/with_trunk_without_normal_dir/tree.0004"	76	18	0.236842105263158	0.381816007507331	0.99997196627504	0.134408740944166
40	20	2	0.001999	0.3	8e-07	0	4	"indelsieve"	"candidate_snvs"	"smc_mudel_sa_stage_1-smc_mudel_sa_stage_2"	"mt"	"no_cnv"	"/raid/kang/DelSIEVE/simulation_results/IndelSIEVE_benchmark_pipeline_sa_002/benchmark_results/indelsieve/from_candidate/phylogenetic_inference/stage2/mt/no_cnv/smc_mudel_sa_stage_1-smc_mudel_sa_stage_2/0004/indelsieve_simple.tree"	"/raid/kang/DelSIEVE/simulation_results/IndelSIEVE_benchmark_pipeline_sa_002/benchmark_results/simulated_data/results/converted_trees_dir/with_trunk_without_normal_dir/tree.0004"	76	16	0.210526315789474	0.471359865028424	0.999977288009212	0.165144905997982
40	20	2	0.001999	0.3	8e-07	0	5	"sieve"	"candidate_snvs"	"smc_mu_sa_stage_1-smc_mu_sa_stage_2"	"mt"	"no_cnv"	"/raid/kang/DelSIEVE/simulation_results/IndelSIEVE_benchmark_pipeline_sa_002/benchmark_results/indelsieve/from_candidate/phylogenetic_inference/stage2/mt/no_cnv/smc_mu_sa_stage_1-smc_mu_sa_stage_2/0005/indelsieve_simple.tree"	"/raid/kang/DelSIEVE/simulation_results/IndelSIEVE_benchmark_pipeline_sa_002/benchmark_results/simulated_data/results/converted_trees_dir/with_trunk_without_normal_dir/tree.0005"	76	4	0.0526315789473684	0.524377552420186	0.999972527507803	0.140216362051244
40	20	2	0.001999	0.3	8e-07	0	5	"indelsieve"	"candidate_snvs"	"smc_mudel_sa_stage_1-smc_mudel_sa_stage_2"	"mt"	"no_cnv"	"/raid/kang/DelSIEVE/simulation_results/IndelSIEVE_benchmark_pipeline_sa_002/benchmark_results/indelsieve/from_candidate/phylogenetic_inference/stage2/mt/no_cnv/smc_mudel_sa_stage_1-smc_mudel_sa_stage_2/0005/indelsieve_simple.tree"	"/raid/kang/DelSIEVE/simulation_results/IndelSIEVE_benchmark_pipeline_sa_002/benchmark_results/simulated_data/results/converted_trees_dir/with_trunk_without_normal_dir/tree.0005"	76	4	0.0526315789473684	0.667265994797033	0.999978436305189	0.176315751075511
40	20	2	0.001999	0.3	8e-07	0	6	"sieve"	"candidate_snvs"	"smc_mu_sa_stage_1-smc_mu_sa_stage_2"	"mt"	"no_cnv"	"/raid/kang/DelSIEVE/simulation_results/IndelSIEVE_benchmark_pipeline_sa_002/benchmark_results/indelsieve/from_candidate/phylogenetic_inference/stage2/mt/no_cnv/smc_mu_sa_stage_1-smc_mu_sa_stage_2/0006/indelsieve_simple.tree"	"/raid/kang/DelSIEVE/simulation_results/IndelSIEVE_benchmark_pipeline_sa_002/benchmark_results/simulated_data/results/converted_trees_dir/with_trunk_without_normal_dir/tree.0006"	76	4	0.0526315789473684	0.359346774718102	0.999970400544104	0.0752025869397005
40	20	2	0.001999	0.3	8e-07	0	6	"indelsieve"	"candidate_snvs"	"smc_mudel_sa_stage_1-smc_mudel_sa_stage_2"	"mt"	"no_cnv"	"/raid/kang/DelSIEVE/simulation_results/IndelSIEVE_benchmark_pipeline_sa_002/benchmark_results/indelsieve/from_candidate/phylogenetic_inference/stage2/mt/no_cnv/smc_mudel_sa_stage_1-smc_mudel_sa_stage_2/0006/indelsieve_simple.tree"	"/raid/kang/DelSIEVE/simulation_results/IndelSIEVE_benchmark_pipeline_sa_002/benchmark_results/simulated_data/results/converted_trees_dir/with_trunk_without_normal_dir/tree.0006"	76	6	0.0789473684210526	0.444479886431176	0.999976090037091	0.0926971119158021
40	20	2	0.001999	0.3	8e-07	0	7	"sieve"	"candidate_snvs"	"smc_mu_sa_stage_1-smc_mu_sa_stage_2"	"mt"	"no_cnv"	"/raid/kang/DelSIEVE/simulation_results/IndelSIEVE_benchmark_pipeline_sa_002/benchmark_results/indelsieve/from_candidate/phylogenetic_inference/stage2/mt/no_cnv/smc_mu_sa_stage_1-smc_mu_sa_stage_2/0007/indelsieve_simple.tree"	"/raid/kang/DelSIEVE/simulation_results/IndelSIEVE_benchmark_pipeline_sa_002/benchmark_results/simulated_data/results/converted_trees_dir/with_trunk_without_normal_dir/tree.0007"	76	6	0.0789473684210526	0.496890099936569	0.999974871648042	0.120453753473757
40	20	2	0.001999	0.3	8e-07	0	7	"indelsieve"	"candidate_snvs"	"smc_mudel_sa_stage_1-smc_mudel_sa_stage_2"	"mt"	"no_cnv"	"/raid/kang/DelSIEVE/simulation_results/IndelSIEVE_benchmark_pipeline_sa_002/benchmark_results/indelsieve/from_candidate/phylogenetic_inference/stage2/mt/no_cnv/smc_mudel_sa_stage_1-smc_mudel_sa_stage_2/0007/indelsieve_simple.tree"	"/raid/kang/DelSIEVE/simulation_results/IndelSIEVE_benchmark_pipeline_sa_002/benchmark_results/simulated_data/results/converted_trees_dir/with_trunk_without_normal_dir/tree.0007"	76	6	0.0789473684210526	0.620927511563196	0.999979891224404	0.148621993002399
40	20	2	0.001999	0.3	8e-07	0	8	"sieve"	"candidate_snvs"	"smc_mu_sa_stage_1-smc_mu_sa_stage_2"	"mt"	"no_cnv"	"/raid/kang/DelSIEVE/simulation_results/IndelSIEVE_benchmark_pipeline_sa_002/benchmark_results/indelsieve/from_candidate/phylogenetic_inference/stage2/mt/no_cnv/smc_mu_sa_stage_1-smc_mu_sa_stage_2/0008/indelsieve_simple.tree"	"/raid/kang/DelSIEVE/simulation_results/IndelSIEVE_benchmark_pipeline_sa_002/benchmark_results/simulated_data/results/converted_trees_dir/with_trunk_without_normal_dir/tree.0008"	76	8	0.105263157894737	0.521786532356417	0.999973289530097	0.11804981609225
40	20	2	0.001999	0.3	8e-07	0	8	"indelsieve"	"candidate_snvs"	"smc_mudel_sa_stage_1-smc_mudel_sa_stage_2"	"mt"	"no_cnv"	"/raid/kang/DelSIEVE/simulation_results/IndelSIEVE_benchmark_pipeline_sa_002/benchmark_results/indelsieve/from_candidate/phylogenetic_inference/stage2/mt/no_cnv/smc_mudel_sa_stage_1-smc_mudel_sa_stage_2/0008/indelsieve_simple.tree"	"/raid/kang/DelSIEVE/simulation_results/IndelSIEVE_benchmark_pipeline_sa_002/benchmark_results/simulated_data/results/converted_trees_dir/with_trunk_without_normal_dir/tree.0008"	76	8	0.105263157894737	0.654227402772376	0.999978696644666	0.147162350733391
40	20	2	0.001999	0.3	8e-07	0	9	"sieve"	"candidate_snvs"	"smc_mu_sa_stage_1-smc_mu_sa_stage_2"	"mt"	"no_cnv"	"/raid/kang/DelSIEVE/simulation_results/IndelSIEVE_benchmark_pipeline_sa_002/benchmark_results/indelsieve/from_candidate/phylogenetic_inference/stage2/mt/no_cnv/smc_mu_sa_stage_1-smc_mu_sa_stage_2/0009/indelsieve_simple.tree"	"/raid/kang/DelSIEVE/simulation_results/IndelSIEVE_benchmark_pipeline_sa_002/benchmark_results/simulated_data/results/converted_trees_dir/with_trunk_without_normal_dir/tree.0009"	76	4	0.0526315789473684	0.432311628487846	0.999971314881365	0.101218709204398
40	20	2	0.001999	0.3	8e-07	0	9	"indelsieve"	"candidate_snvs"	"smc_mudel_sa_stage_1-smc_mudel_sa_stage_2"	"mt"	"no_cnv"	"/raid/kang/DelSIEVE/simulation_results/IndelSIEVE_benchmark_pipeline_sa_002/benchmark_results/indelsieve/from_candidate/phylogenetic_inference/stage2/mt/no_cnv/smc_mudel_sa_stage_1-smc_mudel_sa_stage_2/0009/indelsieve_simple.tree"	"/raid/kang/DelSIEVE/simulation_results/IndelSIEVE_benchmark_pipeline_sa_002/benchmark_results/simulated_data/results/converted_trees_dir/with_trunk_without_normal_dir/tree.0009"	76	4	0.0526315789473684	0.535641813257478	0.999976848373922	0.124927816139174
40	20	2	0.001999	0.3	8e-07	0	10	"sieve"	"candidate_snvs"	"smc_mu_sa_stage_1-smc_mu_sa_stage_2"	"mt"	"no_cnv"	"/raid/kang/DelSIEVE/simulation_results/IndelSIEVE_benchmark_pipeline_sa_002/benchmark_results/indelsieve/from_candidate/phylogenetic_inference/stage2/mt/no_cnv/smc_mu_sa_stage_1-smc_mu_sa_stage_2/0010/indelsieve_simple.tree"	"/raid/kang/DelSIEVE/simulation_results/IndelSIEVE_benchmark_pipeline_sa_002/benchmark_results/simulated_data/results/converted_trees_dir/with_trunk_without_normal_dir/tree.0010"	76	6	0.0789473684210526	0.533146029912306	0.999974711737439	0.135336324353597
40	20	2	0.001999	0.3	8e-07	0	10	"indelsieve"	"candidate_snvs"	"smc_mudel_sa_stage_1-smc_mudel_sa_stage_2"	"mt"	"no_cnv"	"/raid/kang/DelSIEVE/simulation_results/IndelSIEVE_benchmark_pipeline_sa_002/benchmark_results/indelsieve/from_candidate/phylogenetic_inference/stage2/mt/no_cnv/smc_mudel_sa_stage_1-smc_mudel_sa_stage_2/0010/indelsieve_simple.tree"	"/raid/kang/DelSIEVE/simulation_results/IndelSIEVE_benchmark_pipeline_sa_002/benchmark_results/simulated_data/results/converted_trees_dir/with_trunk_without_normal_dir/tree.0010"	76	6	0.0789473684210526	0.673874328957283	0.999979992696843	0.173057384127486
40	20	2	0.001999	0.3	8e-07	0	1	"sifit"	"true_monovar_snvs"	"true_parameters"	NA	"no_cnv"	"/raid/kang/DelSIEVE/simulation_results/IndelSIEVE_benchmark_pipeline_sa_002/benchmark_results/sifit/from_true_monovar/from_true_params/no_cnv/0001/filtered.sifit_data_mlTree.newick"	"/raid/kang/DelSIEVE/simulation_results/IndelSIEVE_benchmark_pipeline_sa_002/benchmark_results/simulated_data/results/converted_trees_dir/without_trunk_without_normal_dir/tree.0001"	76	10	0.131578947368421	1.8331372734299	0.99999251629911	0.475434712859096
40	20	2	0.001999	0.3	8e-07	0	2	"sifit"	"true_monovar_snvs"	"true_parameters"	NA	"no_cnv"	"/raid/kang/DelSIEVE/simulation_results/IndelSIEVE_benchmark_pipeline_sa_002/benchmark_results/sifit/from_true_monovar/from_true_params/no_cnv/0002/filtered.sifit_data_mlTree.newick"	"/raid/kang/DelSIEVE/simulation_results/IndelSIEVE_benchmark_pipeline_sa_002/benchmark_results/simulated_data/results/converted_trees_dir/without_trunk_without_normal_dir/tree.0002"	76	18	0.236842105263158	1.87993970028761	0.999992444263861	0.545471844582464
40	20	2	0.001999	0.3	8e-07	0	3	"sifit"	"true_monovar_snvs"	"true_parameters"	NA	"no_cnv"	"/raid/kang/DelSIEVE/simulation_results/IndelSIEVE_benchmark_pipeline_sa_002/benchmark_results/sifit/from_true_monovar/from_true_params/no_cnv/0003/filtered.sifit_data_mlTree.newick"	"/raid/kang/DelSIEVE/simulation_results/IndelSIEVE_benchmark_pipeline_sa_002/benchmark_results/simulated_data/results/converted_trees_dir/without_trunk_without_normal_dir/tree.0003"	76	8	0.105263157894737	1.86405380879472	0.999992841221402	0.514798205494117
40	20	2	0.001999	0.3	8e-07	0	4	"sifit"	"true_monovar_snvs"	"true_parameters"	NA	"no_cnv"	"/raid/kang/DelSIEVE/simulation_results/IndelSIEVE_benchmark_pipeline_sa_002/benchmark_results/sifit/from_true_monovar/from_true_params/no_cnv/0004/filtered.sifit_data_mlTree.newick"	"/raid/kang/DelSIEVE/simulation_results/IndelSIEVE_benchmark_pipeline_sa_002/benchmark_results/simulated_data/results/converted_trees_dir/without_trunk_without_normal_dir/tree.0004"	76	22	0.289473684210526	1.81965297213512	0.999994183113232	0.685704329118182
40	20	2	0.001999	0.3	8e-07	0	5	"sifit"	"true_monovar_snvs"	"true_parameters"	NA	"no_cnv"	"/raid/kang/DelSIEVE/simulation_results/IndelSIEVE_benchmark_pipeline_sa_002/benchmark_results/sifit/from_true_monovar/from_true_params/no_cnv/0005/filtered.sifit_data_mlTree.newick"	"/raid/kang/DelSIEVE/simulation_results/IndelSIEVE_benchmark_pipeline_sa_002/benchmark_results/simulated_data/results/converted_trees_dir/without_trunk_without_normal_dir/tree.0005"	76	20	0.263157894736842	2.06253797261579	0.999993472534601	0.548208041104072
40	20	2	0.001999	0.3	8e-07	0	6	"sifit"	"true_monovar_snvs"	"true_parameters"	NA	"no_cnv"	"/raid/kang/DelSIEVE/simulation_results/IndelSIEVE_benchmark_pipeline_sa_002/benchmark_results/sifit/from_true_monovar/from_true_params/no_cnv/0006/filtered.sifit_data_mlTree.newick"	"/raid/kang/DelSIEVE/simulation_results/IndelSIEVE_benchmark_pipeline_sa_002/benchmark_results/simulated_data/results/converted_trees_dir/without_trunk_without_normal_dir/tree.0006"	76	16	0.210526315789474	1.6296003539007	0.999993517602992	0.37716871171905
40	20	2	0.001999	0.3	8e-07	0	7	"sifit"	"true_monovar_snvs"	"true_parameters"	NA	"no_cnv"	"/raid/kang/DelSIEVE/simulation_results/IndelSIEVE_benchmark_pipeline_sa_002/benchmark_results/sifit/from_true_monovar/from_true_params/no_cnv/0007/filtered.sifit_data_mlTree.newick"	"/raid/kang/DelSIEVE/simulation_results/IndelSIEVE_benchmark_pipeline_sa_002/benchmark_results/simulated_data/results/converted_trees_dir/without_trunk_without_normal_dir/tree.0007"	76	14	0.184210526315789	1.89101520129474	0.999993545253267	0.484272689153761
40	20	2	0.001999	0.3	8e-07	0	8	"sifit"	"true_monovar_snvs"	"true_parameters"	NA	"no_cnv"	"/raid/kang/DelSIEVE/simulation_results/IndelSIEVE_benchmark_pipeline_sa_002/benchmark_results/sifit/from_true_monovar/from_true_params/no_cnv/0008/filtered.sifit_data_mlTree.newick"	"/raid/kang/DelSIEVE/simulation_results/IndelSIEVE_benchmark_pipeline_sa_002/benchmark_results/simulated_data/results/converted_trees_dir/without_trunk_without_normal_dir/tree.0008"	76	16	0.210526315789474	1.76397144379325	0.999992292668053	0.432435207187467
40	20	2	0.001999	0.3	8e-07	0	9	"sifit"	"true_monovar_snvs"	"true_parameters"	NA	"no_cnv"	"/raid/kang/DelSIEVE/simulation_results/IndelSIEVE_benchmark_pipeline_sa_002/benchmark_results/sifit/from_true_monovar/from_true_params/no_cnv/0009/filtered.sifit_data_mlTree.newick"	"/raid/kang/DelSIEVE/simulation_results/IndelSIEVE_benchmark_pipeline_sa_002/benchmark_results/simulated_data/results/converted_trees_dir/without_trunk_without_normal_dir/tree.0009"	76	14	0.184210526315789	1.61216552632717	0.999992438623788	0.39869438851711
40	20	2	0.001999	0.3	8e-07	0	10	"sifit"	"true_monovar_snvs"	"true_parameters"	NA	"no_cnv"	"/raid/kang/DelSIEVE/simulation_results/IndelSIEVE_benchmark_pipeline_sa_002/benchmark_results/sifit/from_true_monovar/from_true_params/no_cnv/0010/filtered.sifit_data_mlTree.newick"	"/raid/kang/DelSIEVE/simulation_results/IndelSIEVE_benchmark_pipeline_sa_002/benchmark_results/simulated_data/results/converted_trees_dir/without_trunk_without_normal_dir/tree.0010"	76	22	0.289473684210526	1.77639558214894	0.999992597203887	0.48406168506122
