"cell_num"	"coverage_mean"	"coverage_variance"	"eff_seq_err_rate"	"ado_rate"	"deletion_rate"	"insertion_rate"	"doublet_rate"	"cnv_rate"	"dataset"	"tool"	"snv_type"	"tool_setup"	"fine_tune_type"	"data_type"	"inferred_tree"	"real_tree"	"max_clades"	"RF_distance"	"normalized_RF_distance"	"weighted_RF_distance"	"normalized_weighted_RF_distance"	"rooted_branch_score_difference"
40	20	10	0.001999	0.3	2e-06	0	0	"2/3"	1	"indelsieve"	"candidate_snvs"	"smc_mudel_sa_stage_1"	"mt"	"exc_cnv"	"/raid/kang/DelSIEVE/simulation_results/IndelSIEVE_benchmark_pipeline_sa_105_cna_2/benchmark_results/indelsieve/from_candidate/phylogenetic_inference/mt/exc_cnv/smc_mudel_sa_stage_1/0001/indelsieve_simple.tree"	"/raid/kang/DelSIEVE/simulation_results/IndelSIEVE_benchmark_pipeline_sa_105_cna_2/benchmark_results/simulated_data/results/converted_trees_dir/with_trunk_without_normal_dir/tree.0001"	76	14	0.184210526315789	8.65511512507657	0.999998412104307	1.99097159604439
40	20	10	0.001999	0.3	2e-06	0	0	"2/3"	1	"indelsieve"	"candidate_snvs"	"smc_mudel_sa_stage_1"	"mt"	"inc_cnv"	"/raid/kang/DelSIEVE/simulation_results/IndelSIEVE_benchmark_pipeline_sa_105_cna_2/benchmark_results/indelsieve/from_candidate/phylogenetic_inference/mt/inc_cnv/smc_mudel_sa_stage_1/0001/indelsieve_simple.tree"	"/raid/kang/DelSIEVE/simulation_results/IndelSIEVE_benchmark_pipeline_sa_105_cna_2/benchmark_results/simulated_data/results/converted_trees_dir/with_trunk_without_normal_dir/tree.0001"	76	26	0.342105263157895	24.7160550372538	0.999999463124222	5.11564573455391
40	20	10	0.001999	0.3	2e-06	0	0	"2/3"	2	"indelsieve"	"candidate_snvs"	"smc_mudel_sa_stage_1"	"mt"	"exc_cnv"	"/raid/kang/DelSIEVE/simulation_results/IndelSIEVE_benchmark_pipeline_sa_105_cna_2/benchmark_results/indelsieve/from_candidate/phylogenetic_inference/mt/exc_cnv/smc_mudel_sa_stage_1/0002/indelsieve_simple.tree"	"/raid/kang/DelSIEVE/simulation_results/IndelSIEVE_benchmark_pipeline_sa_105_cna_2/benchmark_results/simulated_data/results/converted_trees_dir/with_trunk_without_normal_dir/tree.0002"	76	2	0.0263157894736842	8.11187173544056	0.999998773789695	1.79737559486326
40	20	10	0.001999	0.3	2e-06	0	0	"2/3"	2	"indelsieve"	"candidate_snvs"	"smc_mudel_sa_stage_1"	"mt"	"inc_cnv"	"/raid/kang/DelSIEVE/simulation_results/IndelSIEVE_benchmark_pipeline_sa_105_cna_2/benchmark_results/indelsieve/from_candidate/phylogenetic_inference/mt/inc_cnv/smc_mudel_sa_stage_1/0002/indelsieve_simple.tree"	"/raid/kang/DelSIEVE/simulation_results/IndelSIEVE_benchmark_pipeline_sa_105_cna_2/benchmark_results/simulated_data/results/converted_trees_dir/with_trunk_without_normal_dir/tree.0002"	76	18	0.236842105263158	22.9763694356769	0.999999586338452	4.48685457830196
40	20	10	0.001999	0.3	2e-06	0	0	"2/3"	3	"indelsieve"	"candidate_snvs"	"smc_mudel_sa_stage_1"	"mt"	"exc_cnv"	"/raid/kang/DelSIEVE/simulation_results/IndelSIEVE_benchmark_pipeline_sa_105_cna_2/benchmark_results/indelsieve/from_candidate/phylogenetic_inference/mt/exc_cnv/smc_mudel_sa_stage_1/0003/indelsieve_simple.tree"	"/raid/kang/DelSIEVE/simulation_results/IndelSIEVE_benchmark_pipeline_sa_105_cna_2/benchmark_results/simulated_data/results/converted_trees_dir/with_trunk_without_normal_dir/tree.0003"	76	8	0.105263157894737	7.83012498588693	0.999998604642673	1.42733680582435
40	20	10	0.001999	0.3	2e-06	0	0	"2/3"	3	"indelsieve"	"candidate_snvs"	"smc_mudel_sa_stage_1"	"mt"	"inc_cnv"	"/raid/kang/DelSIEVE/simulation_results/IndelSIEVE_benchmark_pipeline_sa_105_cna_2/benchmark_results/indelsieve/from_candidate/phylogenetic_inference/mt/inc_cnv/smc_mudel_sa_stage_1/0003/indelsieve_simple.tree"	"/raid/kang/DelSIEVE/simulation_results/IndelSIEVE_benchmark_pipeline_sa_105_cna_2/benchmark_results/simulated_data/results/converted_trees_dir/with_trunk_without_normal_dir/tree.0003"	76	18	0.236842105263158	26.1199863040522	0.999999594056299	4.71634170047082
40	20	10	0.001999	0.3	2e-06	0	0	"2/3"	4	"indelsieve"	"candidate_snvs"	"smc_mudel_sa_stage_1"	"mt"	"exc_cnv"	"/raid/kang/DelSIEVE/simulation_results/IndelSIEVE_benchmark_pipeline_sa_105_cna_2/benchmark_results/indelsieve/from_candidate/phylogenetic_inference/mt/exc_cnv/smc_mudel_sa_stage_1/0004/indelsieve_simple.tree"	"/raid/kang/DelSIEVE/simulation_results/IndelSIEVE_benchmark_pipeline_sa_105_cna_2/benchmark_results/simulated_data/results/converted_trees_dir/with_trunk_without_normal_dir/tree.0004"	76	22	0.289473684210526	9.63157976406893	0.999998522152446	2.13505771769819
40	20	10	0.001999	0.3	2e-06	0	0	"2/3"	4	"indelsieve"	"candidate_snvs"	"smc_mudel_sa_stage_1"	"mt"	"inc_cnv"	"/raid/kang/DelSIEVE/simulation_results/IndelSIEVE_benchmark_pipeline_sa_105_cna_2/benchmark_results/indelsieve/from_candidate/phylogenetic_inference/mt/inc_cnv/smc_mudel_sa_stage_1/0004/indelsieve_simple.tree"	"/raid/kang/DelSIEVE/simulation_results/IndelSIEVE_benchmark_pipeline_sa_105_cna_2/benchmark_results/simulated_data/results/converted_trees_dir/with_trunk_without_normal_dir/tree.0004"	76	26	0.342105263157895	25.3627920671897	0.999999438353693	5.05111302659342
40	20	10	0.001999	0.3	2e-06	0	0	"2/3"	5	"indelsieve"	"candidate_snvs"	"smc_mudel_sa_stage_1"	"mt"	"exc_cnv"	"/raid/kang/DelSIEVE/simulation_results/IndelSIEVE_benchmark_pipeline_sa_105_cna_2/benchmark_results/indelsieve/from_candidate/phylogenetic_inference/mt/exc_cnv/smc_mudel_sa_stage_1/0005/indelsieve_simple.tree"	"/raid/kang/DelSIEVE/simulation_results/IndelSIEVE_benchmark_pipeline_sa_105_cna_2/benchmark_results/simulated_data/results/converted_trees_dir/with_trunk_without_normal_dir/tree.0005"	76	2	0.0263157894736842	8.59238836539092	0.999998444785889	1.90051125044936
40	20	10	0.001999	0.3	2e-06	0	0	"2/3"	5	"indelsieve"	"candidate_snvs"	"smc_mudel_sa_stage_1"	"mt"	"inc_cnv"	"/raid/kang/DelSIEVE/simulation_results/IndelSIEVE_benchmark_pipeline_sa_105_cna_2/benchmark_results/indelsieve/from_candidate/phylogenetic_inference/mt/inc_cnv/smc_mudel_sa_stage_1/0005/indelsieve_simple.tree"	"/raid/kang/DelSIEVE/simulation_results/IndelSIEVE_benchmark_pipeline_sa_105_cna_2/benchmark_results/simulated_data/results/converted_trees_dir/with_trunk_without_normal_dir/tree.0005"	76	8	0.105263157894737	23.7051993552733	0.999999444781699	4.53481380434589
40	20	10	0.001999	0.3	2e-06	0	0	"2/3"	6	"indelsieve"	"candidate_snvs"	"smc_mudel_sa_stage_1"	"mt"	"exc_cnv"	"/raid/kang/DelSIEVE/simulation_results/IndelSIEVE_benchmark_pipeline_sa_105_cna_2/benchmark_results/indelsieve/from_candidate/phylogenetic_inference/mt/exc_cnv/smc_mudel_sa_stage_1/0006/indelsieve_simple.tree"	"/raid/kang/DelSIEVE/simulation_results/IndelSIEVE_benchmark_pipeline_sa_105_cna_2/benchmark_results/simulated_data/results/converted_trees_dir/with_trunk_without_normal_dir/tree.0006"	76	6	0.0789473684210526	7.13985311859983	0.999998410600655	1.22634956379081
40	20	10	0.001999	0.3	2e-06	0	0	"2/3"	6	"indelsieve"	"candidate_snvs"	"smc_mudel_sa_stage_1"	"mt"	"inc_cnv"	"/raid/kang/DelSIEVE/simulation_results/IndelSIEVE_benchmark_pipeline_sa_105_cna_2/benchmark_results/indelsieve/from_candidate/phylogenetic_inference/mt/inc_cnv/smc_mudel_sa_stage_1/0006/indelsieve_simple.tree"	"/raid/kang/DelSIEVE/simulation_results/IndelSIEVE_benchmark_pipeline_sa_105_cna_2/benchmark_results/simulated_data/results/converted_trees_dir/with_trunk_without_normal_dir/tree.0006"	76	4	0.0526315789473684	24.2364421657623	0.999999534061635	4.09517166955659
40	20	10	0.001999	0.3	2e-06	0	0	"2/3"	7	"indelsieve"	"candidate_snvs"	"smc_mudel_sa_stage_1"	"mt"	"exc_cnv"	"/raid/kang/DelSIEVE/simulation_results/IndelSIEVE_benchmark_pipeline_sa_105_cna_2/benchmark_results/indelsieve/from_candidate/phylogenetic_inference/mt/exc_cnv/smc_mudel_sa_stage_1/0007/indelsieve_simple.tree"	"/raid/kang/DelSIEVE/simulation_results/IndelSIEVE_benchmark_pipeline_sa_105_cna_2/benchmark_results/simulated_data/results/converted_trees_dir/with_trunk_without_normal_dir/tree.0007"	76	20	0.263157894736842	8.65693518870446	0.999998437391217	2.41063582552957
40	20	10	0.001999	0.3	2e-06	0	0	"2/3"	7	"indelsieve"	"candidate_snvs"	"smc_mudel_sa_stage_1"	"mt"	"inc_cnv"	"/raid/kang/DelSIEVE/simulation_results/IndelSIEVE_benchmark_pipeline_sa_105_cna_2/benchmark_results/indelsieve/from_candidate/phylogenetic_inference/mt/inc_cnv/smc_mudel_sa_stage_1/0007/indelsieve_simple.tree"	"/raid/kang/DelSIEVE/simulation_results/IndelSIEVE_benchmark_pipeline_sa_105_cna_2/benchmark_results/simulated_data/results/converted_trees_dir/with_trunk_without_normal_dir/tree.0007"	76	30	0.394736842105263	24.7531103316177	0.999999471821192	5.44258230070005
40	20	10	0.001999	0.3	2e-06	0	0	"2/3"	8	"indelsieve"	"candidate_snvs"	"smc_mudel_sa_stage_1"	"mt"	"exc_cnv"	"/raid/kang/DelSIEVE/simulation_results/IndelSIEVE_benchmark_pipeline_sa_105_cna_2/benchmark_results/indelsieve/from_candidate/phylogenetic_inference/mt/exc_cnv/smc_mudel_sa_stage_1/0008/indelsieve_simple.tree"	"/raid/kang/DelSIEVE/simulation_results/IndelSIEVE_benchmark_pipeline_sa_105_cna_2/benchmark_results/simulated_data/results/converted_trees_dir/with_trunk_without_normal_dir/tree.0008"	76	20	0.263157894736842	8.8514360369763	0.999998638416641	1.85262567106777
40	20	10	0.001999	0.3	2e-06	0	0	"2/3"	8	"indelsieve"	"candidate_snvs"	"smc_mudel_sa_stage_1"	"mt"	"inc_cnv"	"/raid/kang/DelSIEVE/simulation_results/IndelSIEVE_benchmark_pipeline_sa_105_cna_2/benchmark_results/indelsieve/from_candidate/phylogenetic_inference/mt/inc_cnv/smc_mudel_sa_stage_1/0008/indelsieve_simple.tree"	"/raid/kang/DelSIEVE/simulation_results/IndelSIEVE_benchmark_pipeline_sa_105_cna_2/benchmark_results/simulated_data/results/converted_trees_dir/with_trunk_without_normal_dir/tree.0008"	76	22	0.289473684210526	24.5848350289301	0.999999509087776	4.62738366030981
40	20	10	0.001999	0.3	2e-06	0	0	"2/3"	9	"indelsieve"	"candidate_snvs"	"smc_mudel_sa_stage_1"	"mt"	"exc_cnv"	"/raid/kang/DelSIEVE/simulation_results/IndelSIEVE_benchmark_pipeline_sa_105_cna_2/benchmark_results/indelsieve/from_candidate/phylogenetic_inference/mt/exc_cnv/smc_mudel_sa_stage_1/0009/indelsieve_simple.tree"	"/raid/kang/DelSIEVE/simulation_results/IndelSIEVE_benchmark_pipeline_sa_105_cna_2/benchmark_results/simulated_data/results/converted_trees_dir/with_trunk_without_normal_dir/tree.0009"	76	22	0.289473684210526	10.6304408753753	0.999998447094617	2.46395043777983
40	20	10	0.001999	0.3	2e-06	0	0	"2/3"	9	"indelsieve"	"candidate_snvs"	"smc_mudel_sa_stage_1"	"mt"	"inc_cnv"	"/raid/kang/DelSIEVE/simulation_results/IndelSIEVE_benchmark_pipeline_sa_105_cna_2/benchmark_results/indelsieve/from_candidate/phylogenetic_inference/mt/inc_cnv/smc_mudel_sa_stage_1/0009/indelsieve_simple.tree"	"/raid/kang/DelSIEVE/simulation_results/IndelSIEVE_benchmark_pipeline_sa_105_cna_2/benchmark_results/simulated_data/results/converted_trees_dir/with_trunk_without_normal_dir/tree.0009"	76	28	0.368421052631579	20.6650493397057	0.999999203715002	4.26685336832342
40	20	10	0.001999	0.3	2e-06	0	0	"2/3"	10	"indelsieve"	"candidate_snvs"	"smc_mudel_sa_stage_1"	"mt"	"exc_cnv"	"/raid/kang/DelSIEVE/simulation_results/IndelSIEVE_benchmark_pipeline_sa_105_cna_2/benchmark_results/indelsieve/from_candidate/phylogenetic_inference/mt/exc_cnv/smc_mudel_sa_stage_1/0010/indelsieve_simple.tree"	"/raid/kang/DelSIEVE/simulation_results/IndelSIEVE_benchmark_pipeline_sa_105_cna_2/benchmark_results/simulated_data/results/converted_trees_dir/with_trunk_without_normal_dir/tree.0010"	76	24	0.315789473684211	7.78860257078568	0.99999875899683	1.73862743551579
40	20	10	0.001999	0.3	2e-06	0	0	"2/3"	10	"indelsieve"	"candidate_snvs"	"smc_mudel_sa_stage_1"	"mt"	"inc_cnv"	"/raid/kang/DelSIEVE/simulation_results/IndelSIEVE_benchmark_pipeline_sa_105_cna_2/benchmark_results/indelsieve/from_candidate/phylogenetic_inference/mt/inc_cnv/smc_mudel_sa_stage_1/0010/indelsieve_simple.tree"	"/raid/kang/DelSIEVE/simulation_results/IndelSIEVE_benchmark_pipeline_sa_105_cna_2/benchmark_results/simulated_data/results/converted_trees_dir/with_trunk_without_normal_dir/tree.0010"	76	26	0.342105263157895	27.9707371593943	0.999999648418536	5.83337526071856
40	20	10	0.001999	0.3	2e-06	0	0	"2/3"	1	"indelsieve"	"candidate_snvs"	"smc_mudel_sa_stage_1-smc_mudel_sa_stage_2"	"mt"	"inc_cnv"	"/raid/kang/DelSIEVE/simulation_results/IndelSIEVE_benchmark_pipeline_sa_105_cna_2/benchmark_results/indelsieve/from_candidate/phylogenetic_inference/stage2/mt/inc_cnv/smc_mudel_sa_stage_1-smc_mudel_sa_stage_2/0001/indelsieve_simple.tree"	"/raid/kang/DelSIEVE/simulation_results/IndelSIEVE_benchmark_pipeline_sa_105_cna_2/benchmark_results/simulated_data/results/converted_trees_dir/with_trunk_without_normal_dir/tree.0001"	76	20	0.263157894736842	1.0284685115003	0.99998691355062	0.285518350355793
40	20	10	0.001999	0.3	2e-06	0	0	"2/3"	2	"indelsieve"	"candidate_snvs"	"smc_mudel_sa_stage_1-smc_mudel_sa_stage_2"	"mt"	"inc_cnv"	"/raid/kang/DelSIEVE/simulation_results/IndelSIEVE_benchmark_pipeline_sa_105_cna_2/benchmark_results/indelsieve/from_candidate/phylogenetic_inference/stage2/mt/inc_cnv/smc_mudel_sa_stage_1-smc_mudel_sa_stage_2/0002/indelsieve_simple.tree"	"/raid/kang/DelSIEVE/simulation_results/IndelSIEVE_benchmark_pipeline_sa_105_cna_2/benchmark_results/simulated_data/results/converted_trees_dir/with_trunk_without_normal_dir/tree.0002"	76	12	0.157894736842105	0.509963769306757	0.999980986129458	0.124452501041941
40	20	10	0.001999	0.3	2e-06	0	0	"2/3"	3	"indelsieve"	"candidate_snvs"	"smc_mudel_sa_stage_1-smc_mudel_sa_stage_2"	"mt"	"inc_cnv"	"/raid/kang/DelSIEVE/simulation_results/IndelSIEVE_benchmark_pipeline_sa_105_cna_2/benchmark_results/indelsieve/from_candidate/phylogenetic_inference/stage2/mt/inc_cnv/smc_mudel_sa_stage_1-smc_mudel_sa_stage_2/0003/indelsieve_simple.tree"	"/raid/kang/DelSIEVE/simulation_results/IndelSIEVE_benchmark_pipeline_sa_105_cna_2/benchmark_results/simulated_data/results/converted_trees_dir/with_trunk_without_normal_dir/tree.0003"	76	10	0.131578947368421	0.86549048517137	0.999987482818172	0.196831399367254
40	20	10	0.001999	0.3	2e-06	0	0	"2/3"	4	"indelsieve"	"candidate_snvs"	"smc_mudel_sa_stage_1-smc_mudel_sa_stage_2"	"mt"	"inc_cnv"	"/raid/kang/DelSIEVE/simulation_results/IndelSIEVE_benchmark_pipeline_sa_105_cna_2/benchmark_results/indelsieve/from_candidate/phylogenetic_inference/stage2/mt/inc_cnv/smc_mudel_sa_stage_1-smc_mudel_sa_stage_2/0004/indelsieve_simple.tree"	"/raid/kang/DelSIEVE/simulation_results/IndelSIEVE_benchmark_pipeline_sa_105_cna_2/benchmark_results/simulated_data/results/converted_trees_dir/with_trunk_without_normal_dir/tree.0004"	76	22	0.289473684210526	1.19256299198825	0.99998810784397	0.300927780609842
40	20	10	0.001999	0.3	2e-06	0	0	"2/3"	5	"indelsieve"	"candidate_snvs"	"smc_mudel_sa_stage_1-smc_mudel_sa_stage_2"	"mt"	"inc_cnv"	"/raid/kang/DelSIEVE/simulation_results/IndelSIEVE_benchmark_pipeline_sa_105_cna_2/benchmark_results/indelsieve/from_candidate/phylogenetic_inference/stage2/mt/inc_cnv/smc_mudel_sa_stage_1-smc_mudel_sa_stage_2/0005/indelsieve_simple.tree"	"/raid/kang/DelSIEVE/simulation_results/IndelSIEVE_benchmark_pipeline_sa_105_cna_2/benchmark_results/simulated_data/results/converted_trees_dir/with_trunk_without_normal_dir/tree.0005"	76	8	0.105263157894737	0.958428047530382	0.999986190468615	0.259832388492942
40	20	10	0.001999	0.3	2e-06	0	0	"2/3"	6	"indelsieve"	"candidate_snvs"	"smc_mudel_sa_stage_1-smc_mudel_sa_stage_2"	"mt"	"inc_cnv"	"/raid/kang/DelSIEVE/simulation_results/IndelSIEVE_benchmark_pipeline_sa_105_cna_2/benchmark_results/indelsieve/from_candidate/phylogenetic_inference/stage2/mt/inc_cnv/smc_mudel_sa_stage_1-smc_mudel_sa_stage_2/0006/indelsieve_simple.tree"	"/raid/kang/DelSIEVE/simulation_results/IndelSIEVE_benchmark_pipeline_sa_105_cna_2/benchmark_results/simulated_data/results/converted_trees_dir/with_trunk_without_normal_dir/tree.0006"	76	6	0.0789473684210526	0.974679883561933	0.999988414145877	0.215939393802161
40	20	10	0.001999	0.3	2e-06	0	0	"2/3"	7	"indelsieve"	"candidate_snvs"	"smc_mudel_sa_stage_1-smc_mudel_sa_stage_2"	"mt"	"inc_cnv"	"/raid/kang/DelSIEVE/simulation_results/IndelSIEVE_benchmark_pipeline_sa_105_cna_2/benchmark_results/indelsieve/from_candidate/phylogenetic_inference/stage2/mt/inc_cnv/smc_mudel_sa_stage_1-smc_mudel_sa_stage_2/0007/indelsieve_simple.tree"	"/raid/kang/DelSIEVE/simulation_results/IndelSIEVE_benchmark_pipeline_sa_105_cna_2/benchmark_results/simulated_data/results/converted_trees_dir/with_trunk_without_normal_dir/tree.0007"	76	28	0.368421052631579	1.04171618000519	0.999987292034097	0.325279749657602
40	20	10	0.001999	0.3	2e-06	0	0	"2/3"	8	"indelsieve"	"candidate_snvs"	"smc_mudel_sa_stage_1-smc_mudel_sa_stage_2"	"mt"	"inc_cnv"	"/raid/kang/DelSIEVE/simulation_results/IndelSIEVE_benchmark_pipeline_sa_105_cna_2/benchmark_results/indelsieve/from_candidate/phylogenetic_inference/stage2/mt/inc_cnv/smc_mudel_sa_stage_1-smc_mudel_sa_stage_2/0008/indelsieve_simple.tree"	"/raid/kang/DelSIEVE/simulation_results/IndelSIEVE_benchmark_pipeline_sa_105_cna_2/benchmark_results/simulated_data/results/converted_trees_dir/with_trunk_without_normal_dir/tree.0008"	76	32	0.421052631578947	0.918904825122945	0.999987261909879	0.215853086635188
40	20	10	0.001999	0.3	2e-06	0	0	"2/3"	9	"indelsieve"	"candidate_snvs"	"smc_mudel_sa_stage_1-smc_mudel_sa_stage_2"	"mt"	"inc_cnv"	"/raid/kang/DelSIEVE/simulation_results/IndelSIEVE_benchmark_pipeline_sa_105_cna_2/benchmark_results/indelsieve/from_candidate/phylogenetic_inference/stage2/mt/inc_cnv/smc_mudel_sa_stage_1-smc_mudel_sa_stage_2/0009/indelsieve_simple.tree"	"/raid/kang/DelSIEVE/simulation_results/IndelSIEVE_benchmark_pipeline_sa_105_cna_2/benchmark_results/simulated_data/results/converted_trees_dir/with_trunk_without_normal_dir/tree.0009"	76	28	0.368421052631579	1.10466453013116	0.999985077723687	0.285765232350013
40	20	10	0.001999	0.3	2e-06	0	0	"2/3"	10	"indelsieve"	"candidate_snvs"	"smc_mudel_sa_stage_1-smc_mudel_sa_stage_2"	"mt"	"inc_cnv"	"/raid/kang/DelSIEVE/simulation_results/IndelSIEVE_benchmark_pipeline_sa_105_cna_2/benchmark_results/indelsieve/from_candidate/phylogenetic_inference/stage2/mt/inc_cnv/smc_mudel_sa_stage_1-smc_mudel_sa_stage_2/0010/indelsieve_simple.tree"	"/raid/kang/DelSIEVE/simulation_results/IndelSIEVE_benchmark_pipeline_sa_105_cna_2/benchmark_results/simulated_data/results/converted_trees_dir/with_trunk_without_normal_dir/tree.0010"	76	26	0.342105263157895	0.649516646427642	0.999984885145443	0.160198664021723
40	20	10	0.001999	0.3	2e-06	0	0	"2/3"	1	"indelsieve"	"candidate_snvs"	"smc_mudel_sa_stage_1-smc_mudel_sa_stage_2"	"mt"	"exc_cnv"	"/raid/kang/DelSIEVE/simulation_results/IndelSIEVE_benchmark_pipeline_sa_105_cna_2/benchmark_results/indelsieve/from_candidate/phylogenetic_inference/stage2/mt/exc_cnv/smc_mudel_sa_stage_1-smc_mudel_sa_stage_2/0001/indelsieve_simple.tree"	"/raid/kang/DelSIEVE/simulation_results/IndelSIEVE_benchmark_pipeline_sa_105_cna_2/benchmark_results/simulated_data/results/converted_trees_dir/with_trunk_without_normal_dir/tree.0001"	76	14	0.184210526315789	0.764465657032626	0.99998203218602	0.190168207488889
40	20	10	0.001999	0.3	2e-06	0	0	"2/3"	2	"indelsieve"	"candidate_snvs"	"smc_mudel_sa_stage_1-smc_mudel_sa_stage_2"	"mt"	"exc_cnv"	"/raid/kang/DelSIEVE/simulation_results/IndelSIEVE_benchmark_pipeline_sa_105_cna_2/benchmark_results/indelsieve/from_candidate/phylogenetic_inference/stage2/mt/exc_cnv/smc_mudel_sa_stage_1-smc_mudel_sa_stage_2/0002/indelsieve_simple.tree"	"/raid/kang/DelSIEVE/simulation_results/IndelSIEVE_benchmark_pipeline_sa_105_cna_2/benchmark_results/simulated_data/results/converted_trees_dir/with_trunk_without_normal_dir/tree.0002"	76	4	0.0526315789473684	0.440042491776646	0.999977642708513	0.101447940170239
40	20	10	0.001999	0.3	2e-06	0	0	"2/3"	3	"indelsieve"	"candidate_snvs"	"smc_mudel_sa_stage_1-smc_mudel_sa_stage_2"	"mt"	"exc_cnv"	"/raid/kang/DelSIEVE/simulation_results/IndelSIEVE_benchmark_pipeline_sa_105_cna_2/benchmark_results/indelsieve/from_candidate/phylogenetic_inference/stage2/mt/exc_cnv/smc_mudel_sa_stage_1-smc_mudel_sa_stage_2/0003/indelsieve_simple.tree"	"/raid/kang/DelSIEVE/simulation_results/IndelSIEVE_benchmark_pipeline_sa_105_cna_2/benchmark_results/simulated_data/results/converted_trees_dir/with_trunk_without_normal_dir/tree.0003"	76	10	0.131578947368421	0.553491666482018	0.999980308705644	0.105852720020707
40	20	10	0.001999	0.3	2e-06	0	0	"2/3"	4	"indelsieve"	"candidate_snvs"	"smc_mudel_sa_stage_1-smc_mudel_sa_stage_2"	"mt"	"exc_cnv"	"/raid/kang/DelSIEVE/simulation_results/IndelSIEVE_benchmark_pipeline_sa_105_cna_2/benchmark_results/indelsieve/from_candidate/phylogenetic_inference/stage2/mt/exc_cnv/smc_mudel_sa_stage_1-smc_mudel_sa_stage_2/0004/indelsieve_simple.tree"	"/raid/kang/DelSIEVE/simulation_results/IndelSIEVE_benchmark_pipeline_sa_105_cna_2/benchmark_results/simulated_data/results/converted_trees_dir/with_trunk_without_normal_dir/tree.0004"	76	12	0.157894736842105	0.914111236117367	0.999983692530315	0.227983800616434
40	20	10	0.001999	0.3	2e-06	0	0	"2/3"	5	"indelsieve"	"candidate_snvs"	"smc_mudel_sa_stage_1-smc_mudel_sa_stage_2"	"mt"	"exc_cnv"	"/raid/kang/DelSIEVE/simulation_results/IndelSIEVE_benchmark_pipeline_sa_105_cna_2/benchmark_results/indelsieve/from_candidate/phylogenetic_inference/stage2/mt/exc_cnv/smc_mudel_sa_stage_1-smc_mudel_sa_stage_2/0005/indelsieve_simple.tree"	"/raid/kang/DelSIEVE/simulation_results/IndelSIEVE_benchmark_pipeline_sa_105_cna_2/benchmark_results/simulated_data/results/converted_trees_dir/with_trunk_without_normal_dir/tree.0005"	76	10	0.131578947368421	0.709734099200336	0.999981448854821	0.16521418784056
40	20	10	0.001999	0.3	2e-06	0	0	"2/3"	6	"indelsieve"	"candidate_snvs"	"smc_mudel_sa_stage_1-smc_mudel_sa_stage_2"	"mt"	"exc_cnv"	"/raid/kang/DelSIEVE/simulation_results/IndelSIEVE_benchmark_pipeline_sa_105_cna_2/benchmark_results/indelsieve/from_candidate/phylogenetic_inference/stage2/mt/exc_cnv/smc_mudel_sa_stage_1-smc_mudel_sa_stage_2/0006/indelsieve_simple.tree"	"/raid/kang/DelSIEVE/simulation_results/IndelSIEVE_benchmark_pipeline_sa_105_cna_2/benchmark_results/simulated_data/results/converted_trees_dir/with_trunk_without_normal_dir/tree.0006"	76	8	0.105263157894737	0.572617628710588	0.999980215136896	0.104699970330142
40	20	10	0.001999	0.3	2e-06	0	0	"2/3"	7	"indelsieve"	"candidate_snvs"	"smc_mudel_sa_stage_1-smc_mudel_sa_stage_2"	"mt"	"exc_cnv"	"/raid/kang/DelSIEVE/simulation_results/IndelSIEVE_benchmark_pipeline_sa_105_cna_2/benchmark_results/indelsieve/from_candidate/phylogenetic_inference/stage2/mt/exc_cnv/smc_mudel_sa_stage_1-smc_mudel_sa_stage_2/0007/indelsieve_simple.tree"	"/raid/kang/DelSIEVE/simulation_results/IndelSIEVE_benchmark_pipeline_sa_105_cna_2/benchmark_results/simulated_data/results/converted_trees_dir/with_trunk_without_normal_dir/tree.0007"	76	22	0.289473684210526	0.724322471129327	0.999981406290907	0.212753056359884
40	20	10	0.001999	0.3	2e-06	0	0	"2/3"	8	"indelsieve"	"candidate_snvs"	"smc_mudel_sa_stage_1-smc_mudel_sa_stage_2"	"mt"	"exc_cnv"	"/raid/kang/DelSIEVE/simulation_results/IndelSIEVE_benchmark_pipeline_sa_105_cna_2/benchmark_results/indelsieve/from_candidate/phylogenetic_inference/stage2/mt/exc_cnv/smc_mudel_sa_stage_1-smc_mudel_sa_stage_2/0008/indelsieve_simple.tree"	"/raid/kang/DelSIEVE/simulation_results/IndelSIEVE_benchmark_pipeline_sa_105_cna_2/benchmark_results/simulated_data/results/converted_trees_dir/with_trunk_without_normal_dir/tree.0008"	76	20	0.263157894736842	0.694366232798606	0.999982644983603	0.147218206481403
40	20	10	0.001999	0.3	2e-06	0	0	"2/3"	9	"indelsieve"	"candidate_snvs"	"smc_mudel_sa_stage_1-smc_mudel_sa_stage_2"	"mt"	"exc_cnv"	"/raid/kang/DelSIEVE/simulation_results/IndelSIEVE_benchmark_pipeline_sa_105_cna_2/benchmark_results/indelsieve/from_candidate/phylogenetic_inference/stage2/mt/exc_cnv/smc_mudel_sa_stage_1-smc_mudel_sa_stage_2/0009/indelsieve_simple.tree"	"/raid/kang/DelSIEVE/simulation_results/IndelSIEVE_benchmark_pipeline_sa_105_cna_2/benchmark_results/simulated_data/results/converted_trees_dir/with_trunk_without_normal_dir/tree.0009"	76	26	0.342105263157895	0.88598472068971	0.999981584830836	0.221001096749811
40	20	10	0.001999	0.3	2e-06	0	0	"2/3"	10	"indelsieve"	"candidate_snvs"	"smc_mudel_sa_stage_1-smc_mudel_sa_stage_2"	"mt"	"exc_cnv"	"/raid/kang/DelSIEVE/simulation_results/IndelSIEVE_benchmark_pipeline_sa_105_cna_2/benchmark_results/indelsieve/from_candidate/phylogenetic_inference/stage2/mt/exc_cnv/smc_mudel_sa_stage_1-smc_mudel_sa_stage_2/0010/indelsieve_simple.tree"	"/raid/kang/DelSIEVE/simulation_results/IndelSIEVE_benchmark_pipeline_sa_105_cna_2/benchmark_results/simulated_data/results/converted_trees_dir/with_trunk_without_normal_dir/tree.0010"	76	20	0.263157894736842	0.493966657210153	0.999980129106197	0.110313381201146
