cell_num	coverage_mean	coverage_variance	eff_seq_err_rate	ado_rate	mutation_rate	deletion_rate	insertion_rate	doublet_rate	cnv_rate	dataset	tool	snv_type	tool_setup	fine_tune_type	data_type	true_cell_names	cell_names	loci_info	true_ado_states	ado_states	true_positive	false_positive	true_negative	false_negative	recall	precision	f1_score	fall_out	true_positive_single_ado	false_positive_single_ado	true_negative_single_ado	false_negative_single_ado	recall_single_ado	precision_single_ado	f1_score_single_ado	fall_out_single_ado	true_positive_locus_ado	false_positive_locus_ado	true_negative_locus_ado	false_negative_locus_ado	recall_locus_ado	precision_locus_ado	f1_score_locus_ado	fall_out_locus_ado
40	20	10	0.001999	0.3	8e-06	2e-06	0.0	0.1	2/3	0001	indelsieve	candidate_snvs	smc_mudel_sa_stage_1	mt	exc_cnv	/raid/kang/DelSIEVE/simulation_results/IndelSIEVE_benchmark_pipeline_sa_105_doublet_2/benchmark_results/simulated_data/results/cell_names_dir/cell_names.0001	/raid/kang/DelSIEVE/simulation_results/IndelSIEVE_benchmark_pipeline_sa_105_doublet_2/benchmark_results/indelsieve/from_candidate/variant_calling/mt/exc_cnv/smc_mudel_sa_stage_1/0001/indelsieve_median.cell_names	/raid/kang/DelSIEVE/simulation_results/IndelSIEVE_benchmark_pipeline_sa_105_doublet_2/benchmark_results/indelsieve/from_candidate/variant_calling/mt/exc_cnv/smc_mudel_sa_stage_1/0001/indelsieve_median.loci_info	/raid/kang/DelSIEVE/simulation_results/IndelSIEVE_benchmark_pipeline_sa_105_doublet_2/benchmark_results/simulated_data/results/ado_state_dir/ado_states.0001	/raid/kang/DelSIEVE/simulation_results/IndelSIEVE_benchmark_pipeline_sa_105_doublet_2/benchmark_results/indelsieve/from_candidate/variant_calling/mt/exc_cnv/smc_mudel_sa_stage_1/0001/indelsieve_median.ado	1840	168	4593	239	0.8850408850408851	0.9163346613545816	0.9004159530217762	0.03528670447385	1840	168	4593	239	0.8850408850408851	0.9163346613545816	0.9004159530217762	0.03528670447385	0	0	6840	0	NA	NA	NA	0.0
40	20	10	0.001999	0.3	8e-06	2e-06	0.0	0.1	2/3	0002	indelsieve	candidate_snvs	smc_mudel_sa_stage_1	mt	exc_cnv	/raid/kang/DelSIEVE/simulation_results/IndelSIEVE_benchmark_pipeline_sa_105_doublet_2/benchmark_results/simulated_data/results/cell_names_dir/cell_names.0002	/raid/kang/DelSIEVE/simulation_results/IndelSIEVE_benchmark_pipeline_sa_105_doublet_2/benchmark_results/indelsieve/from_candidate/variant_calling/mt/exc_cnv/smc_mudel_sa_stage_1/0002/indelsieve_median.cell_names	/raid/kang/DelSIEVE/simulation_results/IndelSIEVE_benchmark_pipeline_sa_105_doublet_2/benchmark_results/indelsieve/from_candidate/variant_calling/mt/exc_cnv/smc_mudel_sa_stage_1/0002/indelsieve_median.loci_info	/raid/kang/DelSIEVE/simulation_results/IndelSIEVE_benchmark_pipeline_sa_105_doublet_2/benchmark_results/simulated_data/results/ado_state_dir/ado_states.0002	/raid/kang/DelSIEVE/simulation_results/IndelSIEVE_benchmark_pipeline_sa_105_doublet_2/benchmark_results/indelsieve/from_candidate/variant_calling/mt/exc_cnv/smc_mudel_sa_stage_1/0002/indelsieve_median.ado	1485	129	3523	228	0.8669001751313485	0.9200743494423792	0.8926961226330027	0.0353231106243154	1485	129	3523	228	0.8669001751313485	0.9200743494423792	0.8926961226330027	0.0353231106243154	0	0	5365	0	NA	NA	NA	0.0
40	20	10	0.001999	0.3	8e-06	2e-06	0.0	0.1	2/3	0003	indelsieve	candidate_snvs	smc_mudel_sa_stage_1	mt	exc_cnv	/raid/kang/DelSIEVE/simulation_results/IndelSIEVE_benchmark_pipeline_sa_105_doublet_2/benchmark_results/simulated_data/results/cell_names_dir/cell_names.0003	/raid/kang/DelSIEVE/simulation_results/IndelSIEVE_benchmark_pipeline_sa_105_doublet_2/benchmark_results/indelsieve/from_candidate/variant_calling/mt/exc_cnv/smc_mudel_sa_stage_1/0003/indelsieve_median.cell_names	/raid/kang/DelSIEVE/simulation_results/IndelSIEVE_benchmark_pipeline_sa_105_doublet_2/benchmark_results/indelsieve/from_candidate/variant_calling/mt/exc_cnv/smc_mudel_sa_stage_1/0003/indelsieve_median.loci_info	/raid/kang/DelSIEVE/simulation_results/IndelSIEVE_benchmark_pipeline_sa_105_doublet_2/benchmark_results/simulated_data/results/ado_state_dir/ado_states.0003	/raid/kang/DelSIEVE/simulation_results/IndelSIEVE_benchmark_pipeline_sa_105_doublet_2/benchmark_results/indelsieve/from_candidate/variant_calling/mt/exc_cnv/smc_mudel_sa_stage_1/0003/indelsieve_median.ado	1346	99	3702	293	0.8212324588163514	0.9314878892733564	0.8728923476005187	0.0260457774269928	1346	99	3702	293	0.8212324588163514	0.9314878892733564	0.8728923476005187	0.0260457774269928	0	0	5440	0	NA	NA	NA	0.0
40	20	10	0.001999	0.3	8e-06	2e-06	0.0	0.1	2/3	0004	indelsieve	candidate_snvs	smc_mudel_sa_stage_1	mt	exc_cnv	/raid/kang/DelSIEVE/simulation_results/IndelSIEVE_benchmark_pipeline_sa_105_doublet_2/benchmark_results/simulated_data/results/cell_names_dir/cell_names.0004	/raid/kang/DelSIEVE/simulation_results/IndelSIEVE_benchmark_pipeline_sa_105_doublet_2/benchmark_results/indelsieve/from_candidate/variant_calling/mt/exc_cnv/smc_mudel_sa_stage_1/0004/indelsieve_median.cell_names	/raid/kang/DelSIEVE/simulation_results/IndelSIEVE_benchmark_pipeline_sa_105_doublet_2/benchmark_results/indelsieve/from_candidate/variant_calling/mt/exc_cnv/smc_mudel_sa_stage_1/0004/indelsieve_median.loci_info	/raid/kang/DelSIEVE/simulation_results/IndelSIEVE_benchmark_pipeline_sa_105_doublet_2/benchmark_results/simulated_data/results/ado_state_dir/ado_states.0004	/raid/kang/DelSIEVE/simulation_results/IndelSIEVE_benchmark_pipeline_sa_105_doublet_2/benchmark_results/indelsieve/from_candidate/variant_calling/mt/exc_cnv/smc_mudel_sa_stage_1/0004/indelsieve_median.ado	1993	178	5057	299	0.8695462478184991	0.918010133578996	0.8931212189110465	0.0340019102196752	1993	178	5057	299	0.8695462478184991	0.918010133578996	0.8931212189110465	0.0340019102196752	0	0	7527	0	NA	NA	NA	0.0
40	20	10	0.001999	0.3	8e-06	2e-06	0.0	0.1	2/3	0005	indelsieve	candidate_snvs	smc_mudel_sa_stage_1	mt	exc_cnv	/raid/kang/DelSIEVE/simulation_results/IndelSIEVE_benchmark_pipeline_sa_105_doublet_2/benchmark_results/simulated_data/results/cell_names_dir/cell_names.0005	/raid/kang/DelSIEVE/simulation_results/IndelSIEVE_benchmark_pipeline_sa_105_doublet_2/benchmark_results/indelsieve/from_candidate/variant_calling/mt/exc_cnv/smc_mudel_sa_stage_1/0005/indelsieve_median.cell_names	/raid/kang/DelSIEVE/simulation_results/IndelSIEVE_benchmark_pipeline_sa_105_doublet_2/benchmark_results/indelsieve/from_candidate/variant_calling/mt/exc_cnv/smc_mudel_sa_stage_1/0005/indelsieve_median.loci_info	/raid/kang/DelSIEVE/simulation_results/IndelSIEVE_benchmark_pipeline_sa_105_doublet_2/benchmark_results/simulated_data/results/ado_state_dir/ado_states.0005	/raid/kang/DelSIEVE/simulation_results/IndelSIEVE_benchmark_pipeline_sa_105_doublet_2/benchmark_results/indelsieve/from_candidate/variant_calling/mt/exc_cnv/smc_mudel_sa_stage_1/0005/indelsieve_median.ado	2267	227	5552	276	0.8914667715296893	0.908981555733761	0.9001389716100854	0.0392801522754801	2267	227	5552	276	0.8914667715296893	0.908981555733761	0.9001389716100854	0.0392801522754801	0	0	8322	0	NA	NA	NA	0.0
40	20	10	0.001999	0.3	8e-06	2e-06	0.0	0.1	2/3	0006	indelsieve	candidate_snvs	smc_mudel_sa_stage_1	mt	exc_cnv	/raid/kang/DelSIEVE/simulation_results/IndelSIEVE_benchmark_pipeline_sa_105_doublet_2/benchmark_results/simulated_data/results/cell_names_dir/cell_names.0006	/raid/kang/DelSIEVE/simulation_results/IndelSIEVE_benchmark_pipeline_sa_105_doublet_2/benchmark_results/indelsieve/from_candidate/variant_calling/mt/exc_cnv/smc_mudel_sa_stage_1/0006/indelsieve_median.cell_names	/raid/kang/DelSIEVE/simulation_results/IndelSIEVE_benchmark_pipeline_sa_105_doublet_2/benchmark_results/indelsieve/from_candidate/variant_calling/mt/exc_cnv/smc_mudel_sa_stage_1/0006/indelsieve_median.loci_info	/raid/kang/DelSIEVE/simulation_results/IndelSIEVE_benchmark_pipeline_sa_105_doublet_2/benchmark_results/simulated_data/results/ado_state_dir/ado_states.0006	/raid/kang/DelSIEVE/simulation_results/IndelSIEVE_benchmark_pipeline_sa_105_doublet_2/benchmark_results/indelsieve/from_candidate/variant_calling/mt/exc_cnv/smc_mudel_sa_stage_1/0006/indelsieve_median.ado	1489	165	4117	260	0.8513436249285306	0.900241837968561	0.8751101968851013	0.0385333956095282	1489	165	4117	260	0.8513436249285306	0.900241837968561	0.8751101968851013	0.0385333956095282	0	0	6031	0	NA	NA	NA	0.0
40	20	10	0.001999	0.3	8e-06	2e-06	0.0	0.1	2/3	0007	indelsieve	candidate_snvs	smc_mudel_sa_stage_1	mt	exc_cnv	/raid/kang/DelSIEVE/simulation_results/IndelSIEVE_benchmark_pipeline_sa_105_doublet_2/benchmark_results/simulated_data/results/cell_names_dir/cell_names.0007	/raid/kang/DelSIEVE/simulation_results/IndelSIEVE_benchmark_pipeline_sa_105_doublet_2/benchmark_results/indelsieve/from_candidate/variant_calling/mt/exc_cnv/smc_mudel_sa_stage_1/0007/indelsieve_mode_gaussian.cell_names	/raid/kang/DelSIEVE/simulation_results/IndelSIEVE_benchmark_pipeline_sa_105_doublet_2/benchmark_results/indelsieve/from_candidate/variant_calling/mt/exc_cnv/smc_mudel_sa_stage_1/0007/indelsieve_mode_gaussian.loci_info	/raid/kang/DelSIEVE/simulation_results/IndelSIEVE_benchmark_pipeline_sa_105_doublet_2/benchmark_results/simulated_data/results/ado_state_dir/ado_states.0007	/raid/kang/DelSIEVE/simulation_results/IndelSIEVE_benchmark_pipeline_sa_105_doublet_2/benchmark_results/indelsieve/from_candidate/variant_calling/mt/exc_cnv/smc_mudel_sa_stage_1/0007/indelsieve_mode_gaussian.ado	1988	174	4927	255	0.886312973695943	0.9195189639222942	0.90261066969353	0.0341109586355616	1988	174	4927	255	0.886312973695943	0.9195189639222942	0.90261066969353	0.0341109586355616	0	0	7344	0	NA	NA	NA	0.0
40	20	10	0.001999	0.3	8e-06	2e-06	0.0	0.1	2/3	0008	indelsieve	candidate_snvs	smc_mudel_sa_stage_1	mt	exc_cnv	/raid/kang/DelSIEVE/simulation_results/IndelSIEVE_benchmark_pipeline_sa_105_doublet_2/benchmark_results/simulated_data/results/cell_names_dir/cell_names.0008	/raid/kang/DelSIEVE/simulation_results/IndelSIEVE_benchmark_pipeline_sa_105_doublet_2/benchmark_results/indelsieve/from_candidate/variant_calling/mt/exc_cnv/smc_mudel_sa_stage_1/0008/indelsieve_median.cell_names	/raid/kang/DelSIEVE/simulation_results/IndelSIEVE_benchmark_pipeline_sa_105_doublet_2/benchmark_results/indelsieve/from_candidate/variant_calling/mt/exc_cnv/smc_mudel_sa_stage_1/0008/indelsieve_median.loci_info	/raid/kang/DelSIEVE/simulation_results/IndelSIEVE_benchmark_pipeline_sa_105_doublet_2/benchmark_results/simulated_data/results/ado_state_dir/ado_states.0008	/raid/kang/DelSIEVE/simulation_results/IndelSIEVE_benchmark_pipeline_sa_105_doublet_2/benchmark_results/indelsieve/from_candidate/variant_calling/mt/exc_cnv/smc_mudel_sa_stage_1/0008/indelsieve_median.ado	1517	112	3847	212	0.8773857721226143	0.931246163290362	0.9035139964264444	0.0282899722152058	1517	112	3847	212	0.8773857721226143	0.931246163290362	0.9035139964264444	0.0282899722152058	0	0	5688	0	NA	NA	NA	0.0
40	20	10	0.001999	0.3	8e-06	2e-06	0.0	0.1	2/3	0009	indelsieve	candidate_snvs	smc_mudel_sa_stage_1	mt	exc_cnv	/raid/kang/DelSIEVE/simulation_results/IndelSIEVE_benchmark_pipeline_sa_105_doublet_2/benchmark_results/simulated_data/results/cell_names_dir/cell_names.0009	/raid/kang/DelSIEVE/simulation_results/IndelSIEVE_benchmark_pipeline_sa_105_doublet_2/benchmark_results/indelsieve/from_candidate/variant_calling/mt/exc_cnv/smc_mudel_sa_stage_1/0009/indelsieve_median.cell_names	/raid/kang/DelSIEVE/simulation_results/IndelSIEVE_benchmark_pipeline_sa_105_doublet_2/benchmark_results/indelsieve/from_candidate/variant_calling/mt/exc_cnv/smc_mudel_sa_stage_1/0009/indelsieve_median.loci_info	/raid/kang/DelSIEVE/simulation_results/IndelSIEVE_benchmark_pipeline_sa_105_doublet_2/benchmark_results/simulated_data/results/ado_state_dir/ado_states.0009	/raid/kang/DelSIEVE/simulation_results/IndelSIEVE_benchmark_pipeline_sa_105_doublet_2/benchmark_results/indelsieve/from_candidate/variant_calling/mt/exc_cnv/smc_mudel_sa_stage_1/0009/indelsieve_median.ado	1508	188	4034	264	0.8510158013544018	0.8891509433962265	0.8696655132641293	0.0445286594031264	1508	188	4034	264	0.8510158013544018	0.8891509433962265	0.8696655132641293	0.0445286594031264	0	0	5994	0	NA	NA	NA	0.0
40	20	10	0.001999	0.3	8e-06	2e-06	0.0	0.1	2/3	0010	indelsieve	candidate_snvs	smc_mudel_sa_stage_1	mt	exc_cnv	/raid/kang/DelSIEVE/simulation_results/IndelSIEVE_benchmark_pipeline_sa_105_doublet_2/benchmark_results/simulated_data/results/cell_names_dir/cell_names.0010	/raid/kang/DelSIEVE/simulation_results/IndelSIEVE_benchmark_pipeline_sa_105_doublet_2/benchmark_results/indelsieve/from_candidate/variant_calling/mt/exc_cnv/smc_mudel_sa_stage_1/0010/indelsieve_mean.cell_names	/raid/kang/DelSIEVE/simulation_results/IndelSIEVE_benchmark_pipeline_sa_105_doublet_2/benchmark_results/indelsieve/from_candidate/variant_calling/mt/exc_cnv/smc_mudel_sa_stage_1/0010/indelsieve_mean.loci_info	/raid/kang/DelSIEVE/simulation_results/IndelSIEVE_benchmark_pipeline_sa_105_doublet_2/benchmark_results/simulated_data/results/ado_state_dir/ado_states.0010	/raid/kang/DelSIEVE/simulation_results/IndelSIEVE_benchmark_pipeline_sa_105_doublet_2/benchmark_results/indelsieve/from_candidate/variant_calling/mt/exc_cnv/smc_mudel_sa_stage_1/0010/indelsieve_mean.ado	1327	97	3543	249	0.8420050761421319	0.93188202247191	0.8846666666666667	0.0266483516483516	1327	97	3543	249	0.8420050761421319	0.93188202247191	0.8846666666666667	0.0266483516483516	0	0	5216	0	NA	NA	NA	0.0
40	20	10	0.001999	0.3	8e-06	2e-06	0.0	0.1	2/3	0001	indelsieve	candidate_snvs	smc_mudel_sa_stage_1	mt	inc_cnv	/raid/kang/DelSIEVE/simulation_results/IndelSIEVE_benchmark_pipeline_sa_105_doublet_2/benchmark_results/simulated_data/results/cell_names_dir/cell_names.0001	/raid/kang/DelSIEVE/simulation_results/IndelSIEVE_benchmark_pipeline_sa_105_doublet_2/benchmark_results/indelsieve/from_candidate/variant_calling/mt/inc_cnv/smc_mudel_sa_stage_1/0001/indelsieve_median.cell_names	/raid/kang/DelSIEVE/simulation_results/IndelSIEVE_benchmark_pipeline_sa_105_doublet_2/benchmark_results/indelsieve/from_candidate/variant_calling/mt/inc_cnv/smc_mudel_sa_stage_1/0001/indelsieve_median.loci_info	/raid/kang/DelSIEVE/simulation_results/IndelSIEVE_benchmark_pipeline_sa_105_doublet_2/benchmark_results/simulated_data/results/ado_state_dir/ado_states.0001	/raid/kang/DelSIEVE/simulation_results/IndelSIEVE_benchmark_pipeline_sa_105_doublet_2/benchmark_results/indelsieve/from_candidate/variant_calling/mt/inc_cnv/smc_mudel_sa_stage_1/0001/indelsieve_median.ado	1525	265	11976	3790	0.2869238005644403	0.8519553072625698	0.4292751583391977	0.0216485581243362	1525	265	11976	3790	0.2869238005644403	0.8519553072625698	0.4292751583391977	0.0216485581243362	0	0	17556	0	NA	NA	NA	0.0
40	20	10	0.001999	0.3	8e-06	2e-06	0.0	0.1	2/3	0002	indelsieve	candidate_snvs	smc_mudel_sa_stage_1	mt	inc_cnv	/raid/kang/DelSIEVE/simulation_results/IndelSIEVE_benchmark_pipeline_sa_105_doublet_2/benchmark_results/simulated_data/results/cell_names_dir/cell_names.0002	/raid/kang/DelSIEVE/simulation_results/IndelSIEVE_benchmark_pipeline_sa_105_doublet_2/benchmark_results/indelsieve/from_candidate/variant_calling/mt/inc_cnv/smc_mudel_sa_stage_1/0002/indelsieve_mode_gaussian.cell_names	/raid/kang/DelSIEVE/simulation_results/IndelSIEVE_benchmark_pipeline_sa_105_doublet_2/benchmark_results/indelsieve/from_candidate/variant_calling/mt/inc_cnv/smc_mudel_sa_stage_1/0002/indelsieve_mode_gaussian.loci_info	/raid/kang/DelSIEVE/simulation_results/IndelSIEVE_benchmark_pipeline_sa_105_doublet_2/benchmark_results/simulated_data/results/ado_state_dir/ado_states.0002	/raid/kang/DelSIEVE/simulation_results/IndelSIEVE_benchmark_pipeline_sa_105_doublet_2/benchmark_results/indelsieve/from_candidate/variant_calling/mt/inc_cnv/smc_mudel_sa_stage_1/0002/indelsieve_mode_gaussian.ado	1320	232	9802	3113	0.2977667493796526	0.8505154639175257	0.4411027568922305	0.0231213872832369	1320	232	9802	3113	0.2977667493796526	0.8505154639175257	0.4411027568922305	0.0231213872832369	0	0	14467	0	NA	NA	NA	0.0
40	20	10	0.001999	0.3	8e-06	2e-06	0.0	0.1	2/3	0003	indelsieve	candidate_snvs	smc_mudel_sa_stage_1	mt	inc_cnv	/raid/kang/DelSIEVE/simulation_results/IndelSIEVE_benchmark_pipeline_sa_105_doublet_2/benchmark_results/simulated_data/results/cell_names_dir/cell_names.0003	/raid/kang/DelSIEVE/simulation_results/IndelSIEVE_benchmark_pipeline_sa_105_doublet_2/benchmark_results/indelsieve/from_candidate/variant_calling/mt/inc_cnv/smc_mudel_sa_stage_1/0003/indelsieve_median.cell_names	/raid/kang/DelSIEVE/simulation_results/IndelSIEVE_benchmark_pipeline_sa_105_doublet_2/benchmark_results/indelsieve/from_candidate/variant_calling/mt/inc_cnv/smc_mudel_sa_stage_1/0003/indelsieve_median.loci_info	/raid/kang/DelSIEVE/simulation_results/IndelSIEVE_benchmark_pipeline_sa_105_doublet_2/benchmark_results/simulated_data/results/ado_state_dir/ado_states.0003	/raid/kang/DelSIEVE/simulation_results/IndelSIEVE_benchmark_pipeline_sa_105_doublet_2/benchmark_results/indelsieve/from_candidate/variant_calling/mt/inc_cnv/smc_mudel_sa_stage_1/0003/indelsieve_median.ado	1325	203	10204	3160	0.2954292084726867	0.8671465968586387	0.4407117911192416	0.0195061016623426	1325	203	10204	3160	0.2954292084726867	0.8671465968586387	0.4407117911192416	0.0195061016623426	0	0	14892	0	NA	NA	NA	0.0
40	20	10	0.001999	0.3	8e-06	2e-06	0.0	0.1	2/3	0004	indelsieve	candidate_snvs	smc_mudel_sa_stage_1	mt	inc_cnv	/raid/kang/DelSIEVE/simulation_results/IndelSIEVE_benchmark_pipeline_sa_105_doublet_2/benchmark_results/simulated_data/results/cell_names_dir/cell_names.0004	/raid/kang/DelSIEVE/simulation_results/IndelSIEVE_benchmark_pipeline_sa_105_doublet_2/benchmark_results/indelsieve/from_candidate/variant_calling/mt/inc_cnv/smc_mudel_sa_stage_1/0004/indelsieve_median.cell_names	/raid/kang/DelSIEVE/simulation_results/IndelSIEVE_benchmark_pipeline_sa_105_doublet_2/benchmark_results/indelsieve/from_candidate/variant_calling/mt/inc_cnv/smc_mudel_sa_stage_1/0004/indelsieve_median.loci_info	/raid/kang/DelSIEVE/simulation_results/IndelSIEVE_benchmark_pipeline_sa_105_doublet_2/benchmark_results/simulated_data/results/ado_state_dir/ado_states.0004	/raid/kang/DelSIEVE/simulation_results/IndelSIEVE_benchmark_pipeline_sa_105_doublet_2/benchmark_results/indelsieve/from_candidate/variant_calling/mt/inc_cnv/smc_mudel_sa_stage_1/0004/indelsieve_median.ado	1895	354	13667	4130	0.3145228215767635	0.8425967096487328	0.4580613971476915	0.0252478425219313	1895	354	13667	4130	0.3145228215767635	0.8425967096487328	0.4580613971476915	0.0252478425219313	0	0	20046	0	NA	NA	NA	0.0
40	20	10	0.001999	0.3	8e-06	2e-06	0.0	0.1	2/3	0005	indelsieve	candidate_snvs	smc_mudel_sa_stage_1	mt	inc_cnv	/raid/kang/DelSIEVE/simulation_results/IndelSIEVE_benchmark_pipeline_sa_105_doublet_2/benchmark_results/simulated_data/results/cell_names_dir/cell_names.0005	/raid/kang/DelSIEVE/simulation_results/IndelSIEVE_benchmark_pipeline_sa_105_doublet_2/benchmark_results/indelsieve/from_candidate/variant_calling/mt/inc_cnv/smc_mudel_sa_stage_1/0005/indelsieve_median.cell_names	/raid/kang/DelSIEVE/simulation_results/IndelSIEVE_benchmark_pipeline_sa_105_doublet_2/benchmark_results/indelsieve/from_candidate/variant_calling/mt/inc_cnv/smc_mudel_sa_stage_1/0005/indelsieve_median.loci_info	/raid/kang/DelSIEVE/simulation_results/IndelSIEVE_benchmark_pipeline_sa_105_doublet_2/benchmark_results/simulated_data/results/ado_state_dir/ado_states.0005	/raid/kang/DelSIEVE/simulation_results/IndelSIEVE_benchmark_pipeline_sa_105_doublet_2/benchmark_results/indelsieve/from_candidate/variant_calling/mt/inc_cnv/smc_mudel_sa_stage_1/0005/indelsieve_median.ado	1693	242	13431	4204	0.2870951331185348	0.8749354005167959	0.4323289070480081	0.0176991150442477	1693	242	13431	4204	0.2870951331185348	0.8749354005167959	0.4323289070480081	0.0176991150442477	0	0	19570	0	NA	NA	NA	0.0
40	20	10	0.001999	0.3	8e-06	2e-06	0.0	0.1	2/3	0006	indelsieve	candidate_snvs	smc_mudel_sa_stage_1	mt	inc_cnv	/raid/kang/DelSIEVE/simulation_results/IndelSIEVE_benchmark_pipeline_sa_105_doublet_2/benchmark_results/simulated_data/results/cell_names_dir/cell_names.0006	/raid/kang/DelSIEVE/simulation_results/IndelSIEVE_benchmark_pipeline_sa_105_doublet_2/benchmark_results/indelsieve/from_candidate/variant_calling/mt/inc_cnv/smc_mudel_sa_stage_1/0006/indelsieve_mode_gaussian.cell_names	/raid/kang/DelSIEVE/simulation_results/IndelSIEVE_benchmark_pipeline_sa_105_doublet_2/benchmark_results/indelsieve/from_candidate/variant_calling/mt/inc_cnv/smc_mudel_sa_stage_1/0006/indelsieve_mode_gaussian.loci_info	/raid/kang/DelSIEVE/simulation_results/IndelSIEVE_benchmark_pipeline_sa_105_doublet_2/benchmark_results/simulated_data/results/ado_state_dir/ado_states.0006	/raid/kang/DelSIEVE/simulation_results/IndelSIEVE_benchmark_pipeline_sa_105_doublet_2/benchmark_results/indelsieve/from_candidate/variant_calling/mt/inc_cnv/smc_mudel_sa_stage_1/0006/indelsieve_mode_gaussian.ado	745	118	11251	3981	0.1576385950063478	0.8632676709154113	0.2665950975129719	0.0103791010642976	745	118	11251	3981	0.1576385950063478	0.8632676709154113	0.2665950975129719	0.0103791010642976	0	0	16095	0	NA	NA	NA	0.0
40	20	10	0.001999	0.3	8e-06	2e-06	0.0	0.1	2/3	0007	indelsieve	candidate_snvs	smc_mudel_sa_stage_1	mt	inc_cnv	/raid/kang/DelSIEVE/simulation_results/IndelSIEVE_benchmark_pipeline_sa_105_doublet_2/benchmark_results/simulated_data/results/cell_names_dir/cell_names.0007	/raid/kang/DelSIEVE/simulation_results/IndelSIEVE_benchmark_pipeline_sa_105_doublet_2/benchmark_results/indelsieve/from_candidate/variant_calling/mt/inc_cnv/smc_mudel_sa_stage_1/0007/indelsieve_median.cell_names	/raid/kang/DelSIEVE/simulation_results/IndelSIEVE_benchmark_pipeline_sa_105_doublet_2/benchmark_results/indelsieve/from_candidate/variant_calling/mt/inc_cnv/smc_mudel_sa_stage_1/0007/indelsieve_median.loci_info	/raid/kang/DelSIEVE/simulation_results/IndelSIEVE_benchmark_pipeline_sa_105_doublet_2/benchmark_results/simulated_data/results/ado_state_dir/ado_states.0007	/raid/kang/DelSIEVE/simulation_results/IndelSIEVE_benchmark_pipeline_sa_105_doublet_2/benchmark_results/indelsieve/from_candidate/variant_calling/mt/inc_cnv/smc_mudel_sa_stage_1/0007/indelsieve_median.ado	1709	208	13241	4030	0.2977870709182784	0.8914971309337506	0.4464472309299895	0.0154658338909956	1709	208	13241	4030	0.2977870709182784	0.8914971309337506	0.4464472309299895	0.0154658338909956	0	0	19188	0	NA	NA	NA	0.0
40	20	10	0.001999	0.3	8e-06	2e-06	0.0	0.1	2/3	0008	indelsieve	candidate_snvs	smc_mudel_sa_stage_1	mt	inc_cnv	/raid/kang/DelSIEVE/simulation_results/IndelSIEVE_benchmark_pipeline_sa_105_doublet_2/benchmark_results/simulated_data/results/cell_names_dir/cell_names.0008	/raid/kang/DelSIEVE/simulation_results/IndelSIEVE_benchmark_pipeline_sa_105_doublet_2/benchmark_results/indelsieve/from_candidate/variant_calling/mt/inc_cnv/smc_mudel_sa_stage_1/0008/indelsieve_median.cell_names	/raid/kang/DelSIEVE/simulation_results/IndelSIEVE_benchmark_pipeline_sa_105_doublet_2/benchmark_results/indelsieve/from_candidate/variant_calling/mt/inc_cnv/smc_mudel_sa_stage_1/0008/indelsieve_median.loci_info	/raid/kang/DelSIEVE/simulation_results/IndelSIEVE_benchmark_pipeline_sa_105_doublet_2/benchmark_results/simulated_data/results/ado_state_dir/ado_states.0008	/raid/kang/DelSIEVE/simulation_results/IndelSIEVE_benchmark_pipeline_sa_105_doublet_2/benchmark_results/indelsieve/from_candidate/variant_calling/mt/inc_cnv/smc_mudel_sa_stage_1/0008/indelsieve_median.ado	1340	184	10401	3159	0.2978439653256279	0.8792650918635171	0.4449609828988876	0.0173830892772791	1340	184	10401	3159	0.2978439653256279	0.8792650918635171	0.4449609828988876	0.0173830892772791	0	0	15084	0	NA	NA	NA	0.0
40	20	10	0.001999	0.3	8e-06	2e-06	0.0	0.1	2/3	0009	indelsieve	candidate_snvs	smc_mudel_sa_stage_1	mt	inc_cnv	/raid/kang/DelSIEVE/simulation_results/IndelSIEVE_benchmark_pipeline_sa_105_doublet_2/benchmark_results/simulated_data/results/cell_names_dir/cell_names.0009	/raid/kang/DelSIEVE/simulation_results/IndelSIEVE_benchmark_pipeline_sa_105_doublet_2/benchmark_results/indelsieve/from_candidate/variant_calling/mt/inc_cnv/smc_mudel_sa_stage_1/0009/indelsieve_median.cell_names	/raid/kang/DelSIEVE/simulation_results/IndelSIEVE_benchmark_pipeline_sa_105_doublet_2/benchmark_results/indelsieve/from_candidate/variant_calling/mt/inc_cnv/smc_mudel_sa_stage_1/0009/indelsieve_median.loci_info	/raid/kang/DelSIEVE/simulation_results/IndelSIEVE_benchmark_pipeline_sa_105_doublet_2/benchmark_results/simulated_data/results/ado_state_dir/ado_states.0009	/raid/kang/DelSIEVE/simulation_results/IndelSIEVE_benchmark_pipeline_sa_105_doublet_2/benchmark_results/indelsieve/from_candidate/variant_calling/mt/inc_cnv/smc_mudel_sa_stage_1/0009/indelsieve_median.ado	1288	196	10830	3485	0.2698512465954326	0.8679245283018868	0.4116988972350967	0.0177761654271721	1288	196	10830	3485	0.2698512465954326	0.8679245283018868	0.4116988972350967	0.0177761654271721	0	0	15799	0	NA	NA	NA	0.0
40	20	10	0.001999	0.3	8e-06	2e-06	0.0	0.1	2/3	0010	indelsieve	candidate_snvs	smc_mudel_sa_stage_1	mt	inc_cnv	/raid/kang/DelSIEVE/simulation_results/IndelSIEVE_benchmark_pipeline_sa_105_doublet_2/benchmark_results/simulated_data/results/cell_names_dir/cell_names.0010	/raid/kang/DelSIEVE/simulation_results/IndelSIEVE_benchmark_pipeline_sa_105_doublet_2/benchmark_results/indelsieve/from_candidate/variant_calling/mt/inc_cnv/smc_mudel_sa_stage_1/0010/indelsieve_median.cell_names	/raid/kang/DelSIEVE/simulation_results/IndelSIEVE_benchmark_pipeline_sa_105_doublet_2/benchmark_results/indelsieve/from_candidate/variant_calling/mt/inc_cnv/smc_mudel_sa_stage_1/0010/indelsieve_median.loci_info	/raid/kang/DelSIEVE/simulation_results/IndelSIEVE_benchmark_pipeline_sa_105_doublet_2/benchmark_results/simulated_data/results/ado_state_dir/ado_states.0010	/raid/kang/DelSIEVE/simulation_results/IndelSIEVE_benchmark_pipeline_sa_105_doublet_2/benchmark_results/indelsieve/from_candidate/variant_calling/mt/inc_cnv/smc_mudel_sa_stage_1/0010/indelsieve_median.ado	1261	287	9736	3052	0.2923718989102712	0.8145994832041343	0.4303019962463743	0.0286341414746084	1261	287	9736	3052	0.2923718989102712	0.8145994832041343	0.4303019962463743	0.0286341414746084	0	0	14336	0	NA	NA	NA	0.0
40	20	10	0.001999	0.3	8e-06	2e-06	0.0	0.1	0	0001	indelsieve	candidate_snvs	smc_mudel_sa_stage_1	mt	no_cnv	/raid/kang/DelSIEVE/simulation_results/IndelSIEVE_benchmark_pipeline_sa_105_doublet_2/benchmark_results/simulated_data/results/cell_names_dir/cell_names.0001	/raid/kang/DelSIEVE/simulation_results/IndelSIEVE_benchmark_pipeline_sa_105_doublet_2/benchmark_results/indelsieve/from_candidate/variant_calling/mt/no_cnv/smc_mudel_sa_stage_1/0001/indelsieve_median.cell_names	/raid/kang/DelSIEVE/simulation_results/IndelSIEVE_benchmark_pipeline_sa_105_doublet_2/benchmark_results/indelsieve/from_candidate/variant_calling/mt/no_cnv/smc_mudel_sa_stage_1/0001/indelsieve_median.loci_info	/raid/kang/DelSIEVE/simulation_results/IndelSIEVE_benchmark_pipeline_sa_105_doublet_2/benchmark_results/simulated_data/results/ado_state_dir/ado_states.0001	/raid/kang/DelSIEVE/simulation_results/IndelSIEVE_benchmark_pipeline_sa_105_doublet_2/benchmark_results/indelsieve/from_candidate/variant_calling/mt/no_cnv/smc_mudel_sa_stage_1/0001/indelsieve_median.ado	4825	482	12053	576	0.8933530827624514	0.9091765592613528	0.9011953679491967	0.0384523334662943	4825	482	12053	576	0.8933530827624514	0.9091765592613528	0.9011953679491967	0.0384523334662943	0	0	17936	0	NA	NA	NA	0.0
40	20	10	0.001999	0.3	8e-06	2e-06	0.0	0.1	0	0002	indelsieve	candidate_snvs	smc_mudel_sa_stage_1	mt	no_cnv	/raid/kang/DelSIEVE/simulation_results/IndelSIEVE_benchmark_pipeline_sa_105_doublet_2/benchmark_results/simulated_data/results/cell_names_dir/cell_names.0002	/raid/kang/DelSIEVE/simulation_results/IndelSIEVE_benchmark_pipeline_sa_105_doublet_2/benchmark_results/indelsieve/from_candidate/variant_calling/mt/no_cnv/smc_mudel_sa_stage_1/0002/indelsieve_median.cell_names	/raid/kang/DelSIEVE/simulation_results/IndelSIEVE_benchmark_pipeline_sa_105_doublet_2/benchmark_results/indelsieve/from_candidate/variant_calling/mt/no_cnv/smc_mudel_sa_stage_1/0002/indelsieve_median.loci_info	/raid/kang/DelSIEVE/simulation_results/IndelSIEVE_benchmark_pipeline_sa_105_doublet_2/benchmark_results/simulated_data/results/ado_state_dir/ado_states.0002	/raid/kang/DelSIEVE/simulation_results/IndelSIEVE_benchmark_pipeline_sa_105_doublet_2/benchmark_results/indelsieve/from_candidate/variant_calling/mt/no_cnv/smc_mudel_sa_stage_1/0002/indelsieve_median.ado	4073	374	10118	568	0.8776125834949364	0.9158983584438948	0.8963468309859154	0.0356462066336256	4073	374	10118	568	0.8776125834949364	0.9158983584438948	0.8963468309859154	0.0356462066336256	0	0	15133	0	NA	NA	NA	0.0
40	20	10	0.001999	0.3	8e-06	2e-06	0.0	0.1	0	0003	indelsieve	candidate_snvs	smc_mudel_sa_stage_1	mt	no_cnv	/raid/kang/DelSIEVE/simulation_results/IndelSIEVE_benchmark_pipeline_sa_105_doublet_2/benchmark_results/simulated_data/results/cell_names_dir/cell_names.0003	/raid/kang/DelSIEVE/simulation_results/IndelSIEVE_benchmark_pipeline_sa_105_doublet_2/benchmark_results/indelsieve/from_candidate/variant_calling/mt/no_cnv/smc_mudel_sa_stage_1/0003/indelsieve_median.cell_names	/raid/kang/DelSIEVE/simulation_results/IndelSIEVE_benchmark_pipeline_sa_105_doublet_2/benchmark_results/indelsieve/from_candidate/variant_calling/mt/no_cnv/smc_mudel_sa_stage_1/0003/indelsieve_median.loci_info	/raid/kang/DelSIEVE/simulation_results/IndelSIEVE_benchmark_pipeline_sa_105_doublet_2/benchmark_results/simulated_data/results/ado_state_dir/ado_states.0003	/raid/kang/DelSIEVE/simulation_results/IndelSIEVE_benchmark_pipeline_sa_105_doublet_2/benchmark_results/indelsieve/from_candidate/variant_calling/mt/no_cnv/smc_mudel_sa_stage_1/0003/indelsieve_median.ado	3899	264	10428	709	0.8461371527777778	0.9365841940907998	0.8890662410215483	0.0246913580246913	3899	264	10428	709	0.8461371527777778	0.9365841940907998	0.8890662410215483	0.0246913580246913	0	0	15300	0	NA	NA	NA	0.0
40	20	10	0.001999	0.3	8e-06	2e-06	0.0	0.1	0	0004	indelsieve	candidate_snvs	smc_mudel_sa_stage_1	mt	no_cnv	/raid/kang/DelSIEVE/simulation_results/IndelSIEVE_benchmark_pipeline_sa_105_doublet_2/benchmark_results/simulated_data/results/cell_names_dir/cell_names.0004	/raid/kang/DelSIEVE/simulation_results/IndelSIEVE_benchmark_pipeline_sa_105_doublet_2/benchmark_results/indelsieve/from_candidate/variant_calling/mt/no_cnv/smc_mudel_sa_stage_1/0004/indelsieve_median.cell_names	/raid/kang/DelSIEVE/simulation_results/IndelSIEVE_benchmark_pipeline_sa_105_doublet_2/benchmark_results/indelsieve/from_candidate/variant_calling/mt/no_cnv/smc_mudel_sa_stage_1/0004/indelsieve_median.loci_info	/raid/kang/DelSIEVE/simulation_results/IndelSIEVE_benchmark_pipeline_sa_105_doublet_2/benchmark_results/simulated_data/results/ado_state_dir/ado_states.0004	/raid/kang/DelSIEVE/simulation_results/IndelSIEVE_benchmark_pipeline_sa_105_doublet_2/benchmark_results/indelsieve/from_candidate/variant_calling/mt/no_cnv/smc_mudel_sa_stage_1/0004/indelsieve_median.ado	5585	576	14102	719	0.8859454314720813	0.9065086836552508	0.8961091054953871	0.0392424035972203	5585	576	14102	719	0.8859454314720813	0.9065086836552508	0.8961091054953871	0.0392424035972203	0	0	20982	0	NA	NA	NA	0.0
40	20	10	0.001999	0.3	8e-06	2e-06	0.0	0.1	0	0005	indelsieve	candidate_snvs	smc_mudel_sa_stage_1	mt	no_cnv	/raid/kang/DelSIEVE/simulation_results/IndelSIEVE_benchmark_pipeline_sa_105_doublet_2/benchmark_results/simulated_data/results/cell_names_dir/cell_names.0005	/raid/kang/DelSIEVE/simulation_results/IndelSIEVE_benchmark_pipeline_sa_105_doublet_2/benchmark_results/indelsieve/from_candidate/variant_calling/mt/no_cnv/smc_mudel_sa_stage_1/0005/indelsieve_median.cell_names	/raid/kang/DelSIEVE/simulation_results/IndelSIEVE_benchmark_pipeline_sa_105_doublet_2/benchmark_results/indelsieve/from_candidate/variant_calling/mt/no_cnv/smc_mudel_sa_stage_1/0005/indelsieve_median.loci_info	/raid/kang/DelSIEVE/simulation_results/IndelSIEVE_benchmark_pipeline_sa_105_doublet_2/benchmark_results/simulated_data/results/ado_state_dir/ado_states.0005	/raid/kang/DelSIEVE/simulation_results/IndelSIEVE_benchmark_pipeline_sa_105_doublet_2/benchmark_results/indelsieve/from_candidate/variant_calling/mt/no_cnv/smc_mudel_sa_stage_1/0005/indelsieve_median.ado	5460	529	13615	650	0.8936170212765957	0.9116713975621974	0.902553930076866	0.0374010180995475	5460	529	13615	650	0.8936170212765957	0.9116713975621974	0.902553930076866	0.0374010180995475	0	0	20254	0	NA	NA	NA	0.0
40	20	10	0.001999	0.3	8e-06	2e-06	0.0	0.1	0	0006	indelsieve	candidate_snvs	smc_mudel_sa_stage_1	mt	no_cnv	/raid/kang/DelSIEVE/simulation_results/IndelSIEVE_benchmark_pipeline_sa_105_doublet_2/benchmark_results/simulated_data/results/cell_names_dir/cell_names.0006	/raid/kang/DelSIEVE/simulation_results/IndelSIEVE_benchmark_pipeline_sa_105_doublet_2/benchmark_results/indelsieve/from_candidate/variant_calling/mt/no_cnv/smc_mudel_sa_stage_1/0006/indelsieve_median.cell_names	/raid/kang/DelSIEVE/simulation_results/IndelSIEVE_benchmark_pipeline_sa_105_doublet_2/benchmark_results/indelsieve/from_candidate/variant_calling/mt/no_cnv/smc_mudel_sa_stage_1/0006/indelsieve_median.loci_info	/raid/kang/DelSIEVE/simulation_results/IndelSIEVE_benchmark_pipeline_sa_105_doublet_2/benchmark_results/simulated_data/results/ado_state_dir/ado_states.0006	/raid/kang/DelSIEVE/simulation_results/IndelSIEVE_benchmark_pipeline_sa_105_doublet_2/benchmark_results/indelsieve/from_candidate/variant_calling/mt/no_cnv/smc_mudel_sa_stage_1/0006/indelsieve_median.ado	4029	469	11078	741	0.8446540880503145	0.895731436193864	0.8694432455761761	0.0406166103749891	4029	469	11078	741	0.8446540880503145	0.895731436193864	0.8694432455761761	0.0406166103749891	0	0	16317	0	NA	NA	NA	0.0
40	20	10	0.001999	0.3	8e-06	2e-06	0.0	0.1	0	0007	indelsieve	candidate_snvs	smc_mudel_sa_stage_1	mt	no_cnv	/raid/kang/DelSIEVE/simulation_results/IndelSIEVE_benchmark_pipeline_sa_105_doublet_2/benchmark_results/simulated_data/results/cell_names_dir/cell_names.0007	/raid/kang/DelSIEVE/simulation_results/IndelSIEVE_benchmark_pipeline_sa_105_doublet_2/benchmark_results/indelsieve/from_candidate/variant_calling/mt/no_cnv/smc_mudel_sa_stage_1/0007/indelsieve_mode_gaussian.cell_names	/raid/kang/DelSIEVE/simulation_results/IndelSIEVE_benchmark_pipeline_sa_105_doublet_2/benchmark_results/indelsieve/from_candidate/variant_calling/mt/no_cnv/smc_mudel_sa_stage_1/0007/indelsieve_mode_gaussian.loci_info	/raid/kang/DelSIEVE/simulation_results/IndelSIEVE_benchmark_pipeline_sa_105_doublet_2/benchmark_results/simulated_data/results/ado_state_dir/ado_states.0007	/raid/kang/DelSIEVE/simulation_results/IndelSIEVE_benchmark_pipeline_sa_105_doublet_2/benchmark_results/indelsieve/from_candidate/variant_calling/mt/no_cnv/smc_mudel_sa_stage_1/0007/indelsieve_mode_gaussian.ado	5189	477	13280	674	0.8850417874808119	0.9158136251323684	0.900164801804146	0.0346732572508541	5189	477	13280	674	0.8850417874808119	0.9158136251323684	0.900164801804146	0.0346732572508541	0	0	19620	0	NA	NA	NA	0.0
40	20	10	0.001999	0.3	8e-06	2e-06	0.0	0.1	0	0008	indelsieve	candidate_snvs	smc_mudel_sa_stage_1	mt	no_cnv	/raid/kang/DelSIEVE/simulation_results/IndelSIEVE_benchmark_pipeline_sa_105_doublet_2/benchmark_results/simulated_data/results/cell_names_dir/cell_names.0008	/raid/kang/DelSIEVE/simulation_results/IndelSIEVE_benchmark_pipeline_sa_105_doublet_2/benchmark_results/indelsieve/from_candidate/variant_calling/mt/no_cnv/smc_mudel_sa_stage_1/0008/indelsieve_mode_gaussian.cell_names	/raid/kang/DelSIEVE/simulation_results/IndelSIEVE_benchmark_pipeline_sa_105_doublet_2/benchmark_results/indelsieve/from_candidate/variant_calling/mt/no_cnv/smc_mudel_sa_stage_1/0008/indelsieve_mode_gaussian.loci_info	/raid/kang/DelSIEVE/simulation_results/IndelSIEVE_benchmark_pipeline_sa_105_doublet_2/benchmark_results/simulated_data/results/ado_state_dir/ado_states.0008	/raid/kang/DelSIEVE/simulation_results/IndelSIEVE_benchmark_pipeline_sa_105_doublet_2/benchmark_results/indelsieve/from_candidate/variant_calling/mt/no_cnv/smc_mudel_sa_stage_1/0008/indelsieve_mode_gaussian.ado	4120	331	10707	574	0.8777162334895612	0.92563468883397	0.9010388190267906	0.0299873165428519	4120	331	10707	574	0.8777162334895612	0.92563468883397	0.9010388190267906	0.0299873165428519	0	0	15732	0	NA	NA	NA	0.0
40	20	10	0.001999	0.3	8e-06	2e-06	0.0	0.1	0	0009	indelsieve	candidate_snvs	smc_mudel_sa_stage_1	mt	no_cnv	/raid/kang/DelSIEVE/simulation_results/IndelSIEVE_benchmark_pipeline_sa_105_doublet_2/benchmark_results/simulated_data/results/cell_names_dir/cell_names.0009	/raid/kang/DelSIEVE/simulation_results/IndelSIEVE_benchmark_pipeline_sa_105_doublet_2/benchmark_results/indelsieve/from_candidate/variant_calling/mt/no_cnv/smc_mudel_sa_stage_1/0009/indelsieve_median.cell_names	/raid/kang/DelSIEVE/simulation_results/IndelSIEVE_benchmark_pipeline_sa_105_doublet_2/benchmark_results/indelsieve/from_candidate/variant_calling/mt/no_cnv/smc_mudel_sa_stage_1/0009/indelsieve_median.loci_info	/raid/kang/DelSIEVE/simulation_results/IndelSIEVE_benchmark_pipeline_sa_105_doublet_2/benchmark_results/simulated_data/results/ado_state_dir/ado_states.0009	/raid/kang/DelSIEVE/simulation_results/IndelSIEVE_benchmark_pipeline_sa_105_doublet_2/benchmark_results/indelsieve/from_candidate/variant_calling/mt/no_cnv/smc_mudel_sa_stage_1/0009/indelsieve_median.ado	4337	493	11218	750	0.8525653626892078	0.8979296066252588	0.8746596753050317	0.0420971735974724	4337	493	11218	750	0.8525653626892078	0.8979296066252588	0.8746596753050317	0.0420971735974724	0	0	16798	0	NA	NA	NA	0.0
40	20	10	0.001999	0.3	8e-06	2e-06	0.0	0.1	0	0010	indelsieve	candidate_snvs	smc_mudel_sa_stage_1	mt	no_cnv	/raid/kang/DelSIEVE/simulation_results/IndelSIEVE_benchmark_pipeline_sa_105_doublet_2/benchmark_results/simulated_data/results/cell_names_dir/cell_names.0010	/raid/kang/DelSIEVE/simulation_results/IndelSIEVE_benchmark_pipeline_sa_105_doublet_2/benchmark_results/indelsieve/from_candidate/variant_calling/mt/no_cnv/smc_mudel_sa_stage_1/0010/indelsieve_median.cell_names	/raid/kang/DelSIEVE/simulation_results/IndelSIEVE_benchmark_pipeline_sa_105_doublet_2/benchmark_results/indelsieve/from_candidate/variant_calling/mt/no_cnv/smc_mudel_sa_stage_1/0010/indelsieve_median.loci_info	/raid/kang/DelSIEVE/simulation_results/IndelSIEVE_benchmark_pipeline_sa_105_doublet_2/benchmark_results/simulated_data/results/ado_state_dir/ado_states.0010	/raid/kang/DelSIEVE/simulation_results/IndelSIEVE_benchmark_pipeline_sa_105_doublet_2/benchmark_results/indelsieve/from_candidate/variant_calling/mt/no_cnv/smc_mudel_sa_stage_1/0010/indelsieve_median.ado	3748	296	10108	696	0.8433843384338434	0.926805143422354	0.883129123468426	0.0284505959246443	3748	296	10108	696	0.8433843384338434	0.926805143422354	0.883129123468426	0.0284505959246443	0	0	14848	0	NA	NA	NA	0.0
40	20	10	0.001999	0.3	8e-06	2e-06	0.0	0.1	0	0001	indelsieve	candidate_snvs	smc_mudel_sa_stage_1-smc_mudel_sa_stage_2	mt	no_cnv	/raid/kang/DelSIEVE/simulation_results/IndelSIEVE_benchmark_pipeline_sa_105_doublet_2/benchmark_results/simulated_data/results/cell_names_dir/cell_names.0001	/raid/kang/DelSIEVE/simulation_results/IndelSIEVE_benchmark_pipeline_sa_105_doublet_2/benchmark_results/indelsieve/from_candidate/variant_calling/stage2/mt/no_cnv/smc_mudel_sa_stage_1-smc_mudel_sa_stage_2/0001/indelsieve_median.cell_names	/raid/kang/DelSIEVE/simulation_results/IndelSIEVE_benchmark_pipeline_sa_105_doublet_2/benchmark_results/indelsieve/from_candidate/variant_calling/stage2/mt/no_cnv/smc_mudel_sa_stage_1-smc_mudel_sa_stage_2/0001/indelsieve_median.loci_info	/raid/kang/DelSIEVE/simulation_results/IndelSIEVE_benchmark_pipeline_sa_105_doublet_2/benchmark_results/simulated_data/results/ado_state_dir/ado_states.0001	/raid/kang/DelSIEVE/simulation_results/IndelSIEVE_benchmark_pipeline_sa_105_doublet_2/benchmark_results/indelsieve/from_candidate/variant_calling/stage2/mt/no_cnv/smc_mudel_sa_stage_1-smc_mudel_sa_stage_2/0001/indelsieve_median.ado	4836	502	12033	565	0.8953897426402518	0.9059572873735482	0.9006425179253189	0.0400478659752692	4836	502	12033	565	0.8953897426402518	0.9059572873735482	0.9006425179253189	0.0400478659752692	0	0	17936	0	NA	NA	NA	0.0
40	20	10	0.001999	0.3	8e-06	2e-06	0.0	0.1	0	0002	indelsieve	candidate_snvs	smc_mudel_sa_stage_1-smc_mudel_sa_stage_2	mt	no_cnv	/raid/kang/DelSIEVE/simulation_results/IndelSIEVE_benchmark_pipeline_sa_105_doublet_2/benchmark_results/simulated_data/results/cell_names_dir/cell_names.0002	/raid/kang/DelSIEVE/simulation_results/IndelSIEVE_benchmark_pipeline_sa_105_doublet_2/benchmark_results/indelsieve/from_candidate/variant_calling/stage2/mt/no_cnv/smc_mudel_sa_stage_1-smc_mudel_sa_stage_2/0002/indelsieve_median.cell_names	/raid/kang/DelSIEVE/simulation_results/IndelSIEVE_benchmark_pipeline_sa_105_doublet_2/benchmark_results/indelsieve/from_candidate/variant_calling/stage2/mt/no_cnv/smc_mudel_sa_stage_1-smc_mudel_sa_stage_2/0002/indelsieve_median.loci_info	/raid/kang/DelSIEVE/simulation_results/IndelSIEVE_benchmark_pipeline_sa_105_doublet_2/benchmark_results/simulated_data/results/ado_state_dir/ado_states.0002	/raid/kang/DelSIEVE/simulation_results/IndelSIEVE_benchmark_pipeline_sa_105_doublet_2/benchmark_results/indelsieve/from_candidate/variant_calling/stage2/mt/no_cnv/smc_mudel_sa_stage_1-smc_mudel_sa_stage_2/0002/indelsieve_median.ado	4084	378	10114	557	0.8799827623357035	0.9152846257283728	0.8972866088102823	0.0360274494853221	4084	378	10114	557	0.8799827623357035	0.9152846257283728	0.8972866088102823	0.0360274494853221	0	0	15133	0	NA	NA	NA	0.0
40	20	10	0.001999	0.3	8e-06	2e-06	0.0	0.1	0	0003	indelsieve	candidate_snvs	smc_mudel_sa_stage_1-smc_mudel_sa_stage_2	mt	no_cnv	/raid/kang/DelSIEVE/simulation_results/IndelSIEVE_benchmark_pipeline_sa_105_doublet_2/benchmark_results/simulated_data/results/cell_names_dir/cell_names.0003	/raid/kang/DelSIEVE/simulation_results/IndelSIEVE_benchmark_pipeline_sa_105_doublet_2/benchmark_results/indelsieve/from_candidate/variant_calling/stage2/mt/no_cnv/smc_mudel_sa_stage_1-smc_mudel_sa_stage_2/0003/indelsieve_median.cell_names	/raid/kang/DelSIEVE/simulation_results/IndelSIEVE_benchmark_pipeline_sa_105_doublet_2/benchmark_results/indelsieve/from_candidate/variant_calling/stage2/mt/no_cnv/smc_mudel_sa_stage_1-smc_mudel_sa_stage_2/0003/indelsieve_median.loci_info	/raid/kang/DelSIEVE/simulation_results/IndelSIEVE_benchmark_pipeline_sa_105_doublet_2/benchmark_results/simulated_data/results/ado_state_dir/ado_states.0003	/raid/kang/DelSIEVE/simulation_results/IndelSIEVE_benchmark_pipeline_sa_105_doublet_2/benchmark_results/indelsieve/from_candidate/variant_calling/stage2/mt/no_cnv/smc_mudel_sa_stage_1-smc_mudel_sa_stage_2/0003/indelsieve_median.ado	3906	271	10421	702	0.84765625	0.9351209001675844	0.8892430278884462	0.0253460531238309	3906	271	10421	702	0.84765625	0.9351209001675844	0.8892430278884462	0.0253460531238309	0	0	15300	0	NA	NA	NA	0.0
40	20	10	0.001999	0.3	8e-06	2e-06	0.0	0.1	0	0004	indelsieve	candidate_snvs	smc_mudel_sa_stage_1-smc_mudel_sa_stage_2	mt	no_cnv	/raid/kang/DelSIEVE/simulation_results/IndelSIEVE_benchmark_pipeline_sa_105_doublet_2/benchmark_results/simulated_data/results/cell_names_dir/cell_names.0004	/raid/kang/DelSIEVE/simulation_results/IndelSIEVE_benchmark_pipeline_sa_105_doublet_2/benchmark_results/indelsieve/from_candidate/variant_calling/stage2/mt/no_cnv/smc_mudel_sa_stage_1-smc_mudel_sa_stage_2/0004/indelsieve_median.cell_names	/raid/kang/DelSIEVE/simulation_results/IndelSIEVE_benchmark_pipeline_sa_105_doublet_2/benchmark_results/indelsieve/from_candidate/variant_calling/stage2/mt/no_cnv/smc_mudel_sa_stage_1-smc_mudel_sa_stage_2/0004/indelsieve_median.loci_info	/raid/kang/DelSIEVE/simulation_results/IndelSIEVE_benchmark_pipeline_sa_105_doublet_2/benchmark_results/simulated_data/results/ado_state_dir/ado_states.0004	/raid/kang/DelSIEVE/simulation_results/IndelSIEVE_benchmark_pipeline_sa_105_doublet_2/benchmark_results/indelsieve/from_candidate/variant_calling/stage2/mt/no_cnv/smc_mudel_sa_stage_1-smc_mudel_sa_stage_2/0004/indelsieve_median.ado	5618	587	14091	686	0.8911802030456852	0.905398871877518	0.8982332720441282	0.0399918244992505	5618	587	14091	686	0.8911802030456852	0.905398871877518	0.8982332720441282	0.0399918244992505	0	0	20982	0	NA	NA	NA	0.0
40	20	10	0.001999	0.3	8e-06	2e-06	0.0	0.1	0	0005	indelsieve	candidate_snvs	smc_mudel_sa_stage_1-smc_mudel_sa_stage_2	mt	no_cnv	/raid/kang/DelSIEVE/simulation_results/IndelSIEVE_benchmark_pipeline_sa_105_doublet_2/benchmark_results/simulated_data/results/cell_names_dir/cell_names.0005	/raid/kang/DelSIEVE/simulation_results/IndelSIEVE_benchmark_pipeline_sa_105_doublet_2/benchmark_results/indelsieve/from_candidate/variant_calling/stage2/mt/no_cnv/smc_mudel_sa_stage_1-smc_mudel_sa_stage_2/0005/indelsieve_median.cell_names	/raid/kang/DelSIEVE/simulation_results/IndelSIEVE_benchmark_pipeline_sa_105_doublet_2/benchmark_results/indelsieve/from_candidate/variant_calling/stage2/mt/no_cnv/smc_mudel_sa_stage_1-smc_mudel_sa_stage_2/0005/indelsieve_median.loci_info	/raid/kang/DelSIEVE/simulation_results/IndelSIEVE_benchmark_pipeline_sa_105_doublet_2/benchmark_results/simulated_data/results/ado_state_dir/ado_states.0005	/raid/kang/DelSIEVE/simulation_results/IndelSIEVE_benchmark_pipeline_sa_105_doublet_2/benchmark_results/indelsieve/from_candidate/variant_calling/stage2/mt/no_cnv/smc_mudel_sa_stage_1-smc_mudel_sa_stage_2/0005/indelsieve_median.ado	5480	548	13596	630	0.8968903436988543	0.9090909090909092	0.9029494150601416	0.0387443438914027	5480	548	13596	630	0.8968903436988543	0.9090909090909092	0.9029494150601416	0.0387443438914027	0	0	20254	0	NA	NA	NA	0.0
40	20	10	0.001999	0.3	8e-06	2e-06	0.0	0.1	0	0006	indelsieve	candidate_snvs	smc_mudel_sa_stage_1-smc_mudel_sa_stage_2	mt	no_cnv	/raid/kang/DelSIEVE/simulation_results/IndelSIEVE_benchmark_pipeline_sa_105_doublet_2/benchmark_results/simulated_data/results/cell_names_dir/cell_names.0006	/raid/kang/DelSIEVE/simulation_results/IndelSIEVE_benchmark_pipeline_sa_105_doublet_2/benchmark_results/indelsieve/from_candidate/variant_calling/stage2/mt/no_cnv/smc_mudel_sa_stage_1-smc_mudel_sa_stage_2/0006/indelsieve_median.cell_names	/raid/kang/DelSIEVE/simulation_results/IndelSIEVE_benchmark_pipeline_sa_105_doublet_2/benchmark_results/indelsieve/from_candidate/variant_calling/stage2/mt/no_cnv/smc_mudel_sa_stage_1-smc_mudel_sa_stage_2/0006/indelsieve_median.loci_info	/raid/kang/DelSIEVE/simulation_results/IndelSIEVE_benchmark_pipeline_sa_105_doublet_2/benchmark_results/simulated_data/results/ado_state_dir/ado_states.0006	/raid/kang/DelSIEVE/simulation_results/IndelSIEVE_benchmark_pipeline_sa_105_doublet_2/benchmark_results/indelsieve/from_candidate/variant_calling/stage2/mt/no_cnv/smc_mudel_sa_stage_1-smc_mudel_sa_stage_2/0006/indelsieve_median.ado	4039	487	11060	731	0.8467505241090146	0.8923994697304463	0.8689759036144579	0.0421754568286134	4039	487	11060	731	0.8467505241090146	0.8923994697304463	0.8689759036144579	0.0421754568286134	0	0	16317	0	NA	NA	NA	0.0
40	20	10	0.001999	0.3	8e-06	2e-06	0.0	0.1	0	0007	indelsieve	candidate_snvs	smc_mudel_sa_stage_1-smc_mudel_sa_stage_2	mt	no_cnv	/raid/kang/DelSIEVE/simulation_results/IndelSIEVE_benchmark_pipeline_sa_105_doublet_2/benchmark_results/simulated_data/results/cell_names_dir/cell_names.0007	/raid/kang/DelSIEVE/simulation_results/IndelSIEVE_benchmark_pipeline_sa_105_doublet_2/benchmark_results/indelsieve/from_candidate/variant_calling/stage2/mt/no_cnv/smc_mudel_sa_stage_1-smc_mudel_sa_stage_2/0007/indelsieve_median.cell_names	/raid/kang/DelSIEVE/simulation_results/IndelSIEVE_benchmark_pipeline_sa_105_doublet_2/benchmark_results/indelsieve/from_candidate/variant_calling/stage2/mt/no_cnv/smc_mudel_sa_stage_1-smc_mudel_sa_stage_2/0007/indelsieve_median.loci_info	/raid/kang/DelSIEVE/simulation_results/IndelSIEVE_benchmark_pipeline_sa_105_doublet_2/benchmark_results/simulated_data/results/ado_state_dir/ado_states.0007	/raid/kang/DelSIEVE/simulation_results/IndelSIEVE_benchmark_pipeline_sa_105_doublet_2/benchmark_results/indelsieve/from_candidate/variant_calling/stage2/mt/no_cnv/smc_mudel_sa_stage_1-smc_mudel_sa_stage_2/0007/indelsieve_median.ado	5231	487	13270	632	0.8922053556199898	0.9148303602658272	0.9033762196701494	0.0354001599185869	5231	487	13270	632	0.8922053556199898	0.9148303602658272	0.9033762196701494	0.0354001599185869	0	0	19620	0	NA	NA	NA	0.0
40	20	10	0.001999	0.3	8e-06	2e-06	0.0	0.1	0	0008	indelsieve	candidate_snvs	smc_mudel_sa_stage_1-smc_mudel_sa_stage_2	mt	no_cnv	/raid/kang/DelSIEVE/simulation_results/IndelSIEVE_benchmark_pipeline_sa_105_doublet_2/benchmark_results/simulated_data/results/cell_names_dir/cell_names.0008	/raid/kang/DelSIEVE/simulation_results/IndelSIEVE_benchmark_pipeline_sa_105_doublet_2/benchmark_results/indelsieve/from_candidate/variant_calling/stage2/mt/no_cnv/smc_mudel_sa_stage_1-smc_mudel_sa_stage_2/0008/indelsieve_median.cell_names	/raid/kang/DelSIEVE/simulation_results/IndelSIEVE_benchmark_pipeline_sa_105_doublet_2/benchmark_results/indelsieve/from_candidate/variant_calling/stage2/mt/no_cnv/smc_mudel_sa_stage_1-smc_mudel_sa_stage_2/0008/indelsieve_median.loci_info	/raid/kang/DelSIEVE/simulation_results/IndelSIEVE_benchmark_pipeline_sa_105_doublet_2/benchmark_results/simulated_data/results/ado_state_dir/ado_states.0008	/raid/kang/DelSIEVE/simulation_results/IndelSIEVE_benchmark_pipeline_sa_105_doublet_2/benchmark_results/indelsieve/from_candidate/variant_calling/stage2/mt/no_cnv/smc_mudel_sa_stage_1-smc_mudel_sa_stage_2/0008/indelsieve_median.ado	4143	345	10693	551	0.8826161056668087	0.9231283422459892	0.9024177739054672	0.0312556622576553	4143	345	10693	551	0.8826161056668087	0.9231283422459892	0.9024177739054672	0.0312556622576553	0	0	15732	0	NA	NA	NA	0.0
40	20	10	0.001999	0.3	8e-06	2e-06	0.0	0.1	0	0009	indelsieve	candidate_snvs	smc_mudel_sa_stage_1-smc_mudel_sa_stage_2	mt	no_cnv	/raid/kang/DelSIEVE/simulation_results/IndelSIEVE_benchmark_pipeline_sa_105_doublet_2/benchmark_results/simulated_data/results/cell_names_dir/cell_names.0009	/raid/kang/DelSIEVE/simulation_results/IndelSIEVE_benchmark_pipeline_sa_105_doublet_2/benchmark_results/indelsieve/from_candidate/variant_calling/stage2/mt/no_cnv/smc_mudel_sa_stage_1-smc_mudel_sa_stage_2/0009/indelsieve_median.cell_names	/raid/kang/DelSIEVE/simulation_results/IndelSIEVE_benchmark_pipeline_sa_105_doublet_2/benchmark_results/indelsieve/from_candidate/variant_calling/stage2/mt/no_cnv/smc_mudel_sa_stage_1-smc_mudel_sa_stage_2/0009/indelsieve_median.loci_info	/raid/kang/DelSIEVE/simulation_results/IndelSIEVE_benchmark_pipeline_sa_105_doublet_2/benchmark_results/simulated_data/results/ado_state_dir/ado_states.0009	/raid/kang/DelSIEVE/simulation_results/IndelSIEVE_benchmark_pipeline_sa_105_doublet_2/benchmark_results/indelsieve/from_candidate/variant_calling/stage2/mt/no_cnv/smc_mudel_sa_stage_1-smc_mudel_sa_stage_2/0009/indelsieve_median.ado	4344	502	11209	743	0.8539414193041085	0.896409409822534	0.8746602234974328	0.0428656818375885	4344	502	11209	743	0.8539414193041085	0.896409409822534	0.8746602234974328	0.0428656818375885	0	0	16798	0	NA	NA	NA	0.0
40	20	10	0.001999	0.3	8e-06	2e-06	0.0	0.1	0	0010	indelsieve	candidate_snvs	smc_mudel_sa_stage_1-smc_mudel_sa_stage_2	mt	no_cnv	/raid/kang/DelSIEVE/simulation_results/IndelSIEVE_benchmark_pipeline_sa_105_doublet_2/benchmark_results/simulated_data/results/cell_names_dir/cell_names.0010	/raid/kang/DelSIEVE/simulation_results/IndelSIEVE_benchmark_pipeline_sa_105_doublet_2/benchmark_results/indelsieve/from_candidate/variant_calling/stage2/mt/no_cnv/smc_mudel_sa_stage_1-smc_mudel_sa_stage_2/0010/indelsieve_median.cell_names	/raid/kang/DelSIEVE/simulation_results/IndelSIEVE_benchmark_pipeline_sa_105_doublet_2/benchmark_results/indelsieve/from_candidate/variant_calling/stage2/mt/no_cnv/smc_mudel_sa_stage_1-smc_mudel_sa_stage_2/0010/indelsieve_median.loci_info	/raid/kang/DelSIEVE/simulation_results/IndelSIEVE_benchmark_pipeline_sa_105_doublet_2/benchmark_results/simulated_data/results/ado_state_dir/ado_states.0010	/raid/kang/DelSIEVE/simulation_results/IndelSIEVE_benchmark_pipeline_sa_105_doublet_2/benchmark_results/indelsieve/from_candidate/variant_calling/stage2/mt/no_cnv/smc_mudel_sa_stage_1-smc_mudel_sa_stage_2/0010/indelsieve_median.ado	3771	316	10088	673	0.8485598559855986	0.922681673599217	0.8840698628531239	0.0303729334871203	3771	316	10088	673	0.8485598559855986	0.922681673599217	0.8840698628531239	0.0303729334871203	0	0	14848	0	NA	NA	NA	0.0
40	20	10	0.001999	0.3	8e-06	2e-06	0.0	0.1	2/3	0001	indelsieve	candidate_snvs	smc_mudel_sa_stage_1-smc_mudel_sa_stage_2	mt	inc_cnv	/raid/kang/DelSIEVE/simulation_results/IndelSIEVE_benchmark_pipeline_sa_105_doublet_2/benchmark_results/simulated_data/results/cell_names_dir/cell_names.0001	/raid/kang/DelSIEVE/simulation_results/IndelSIEVE_benchmark_pipeline_sa_105_doublet_2/benchmark_results/indelsieve/from_candidate/variant_calling/stage2/mt/inc_cnv/smc_mudel_sa_stage_1-smc_mudel_sa_stage_2/0001/indelsieve_median.cell_names	/raid/kang/DelSIEVE/simulation_results/IndelSIEVE_benchmark_pipeline_sa_105_doublet_2/benchmark_results/indelsieve/from_candidate/variant_calling/stage2/mt/inc_cnv/smc_mudel_sa_stage_1-smc_mudel_sa_stage_2/0001/indelsieve_median.loci_info	/raid/kang/DelSIEVE/simulation_results/IndelSIEVE_benchmark_pipeline_sa_105_doublet_2/benchmark_results/simulated_data/results/ado_state_dir/ado_states.0001	/raid/kang/DelSIEVE/simulation_results/IndelSIEVE_benchmark_pipeline_sa_105_doublet_2/benchmark_results/indelsieve/from_candidate/variant_calling/stage2/mt/inc_cnv/smc_mudel_sa_stage_1-smc_mudel_sa_stage_2/0001/indelsieve_median.ado	1705	408	11833	3610	0.3207902163687676	0.8069096071935636	0.459073774905762	0.033330610244261	1705	408	11833	3610	0.3207902163687676	0.8069096071935636	0.459073774905762	0.033330610244261	0	0	17556	0	NA	NA	NA	0.0
40	20	10	0.001999	0.3	8e-06	2e-06	0.0	0.1	2/3	0002	indelsieve	candidate_snvs	smc_mudel_sa_stage_1-smc_mudel_sa_stage_2	mt	inc_cnv	/raid/kang/DelSIEVE/simulation_results/IndelSIEVE_benchmark_pipeline_sa_105_doublet_2/benchmark_results/simulated_data/results/cell_names_dir/cell_names.0002	/raid/kang/DelSIEVE/simulation_results/IndelSIEVE_benchmark_pipeline_sa_105_doublet_2/benchmark_results/indelsieve/from_candidate/variant_calling/stage2/mt/inc_cnv/smc_mudel_sa_stage_1-smc_mudel_sa_stage_2/0002/indelsieve_median.cell_names	/raid/kang/DelSIEVE/simulation_results/IndelSIEVE_benchmark_pipeline_sa_105_doublet_2/benchmark_results/indelsieve/from_candidate/variant_calling/stage2/mt/inc_cnv/smc_mudel_sa_stage_1-smc_mudel_sa_stage_2/0002/indelsieve_median.loci_info	/raid/kang/DelSIEVE/simulation_results/IndelSIEVE_benchmark_pipeline_sa_105_doublet_2/benchmark_results/simulated_data/results/ado_state_dir/ado_states.0002	/raid/kang/DelSIEVE/simulation_results/IndelSIEVE_benchmark_pipeline_sa_105_doublet_2/benchmark_results/indelsieve/from_candidate/variant_calling/stage2/mt/inc_cnv/smc_mudel_sa_stage_1-smc_mudel_sa_stage_2/0002/indelsieve_median.ado	1557	438	9596	2876	0.3512294157455448	0.7804511278195488	0.484443061605476	0.0436515846123181	1557	438	9596	2876	0.3512294157455448	0.7804511278195488	0.484443061605476	0.0436515846123181	0	0	14467	0	NA	NA	NA	0.0
40	20	10	0.001999	0.3	8e-06	2e-06	0.0	0.1	2/3	0003	indelsieve	candidate_snvs	smc_mudel_sa_stage_1-smc_mudel_sa_stage_2	mt	inc_cnv	/raid/kang/DelSIEVE/simulation_results/IndelSIEVE_benchmark_pipeline_sa_105_doublet_2/benchmark_results/simulated_data/results/cell_names_dir/cell_names.0003	/raid/kang/DelSIEVE/simulation_results/IndelSIEVE_benchmark_pipeline_sa_105_doublet_2/benchmark_results/indelsieve/from_candidate/variant_calling/stage2/mt/inc_cnv/smc_mudel_sa_stage_1-smc_mudel_sa_stage_2/0003/indelsieve_median.cell_names	/raid/kang/DelSIEVE/simulation_results/IndelSIEVE_benchmark_pipeline_sa_105_doublet_2/benchmark_results/indelsieve/from_candidate/variant_calling/stage2/mt/inc_cnv/smc_mudel_sa_stage_1-smc_mudel_sa_stage_2/0003/indelsieve_median.loci_info	/raid/kang/DelSIEVE/simulation_results/IndelSIEVE_benchmark_pipeline_sa_105_doublet_2/benchmark_results/simulated_data/results/ado_state_dir/ado_states.0003	/raid/kang/DelSIEVE/simulation_results/IndelSIEVE_benchmark_pipeline_sa_105_doublet_2/benchmark_results/indelsieve/from_candidate/variant_calling/stage2/mt/inc_cnv/smc_mudel_sa_stage_1-smc_mudel_sa_stage_2/0003/indelsieve_median.ado	1557	364	10043	2928	0.3471571906354515	0.8105153565851119	0.4861067748985326	0.0349764581531661	1557	364	10043	2928	0.3471571906354515	0.8105153565851119	0.4861067748985326	0.0349764581531661	0	0	14892	0	NA	NA	NA	0.0
40	20	10	0.001999	0.3	8e-06	2e-06	0.0	0.1	2/3	0004	indelsieve	candidate_snvs	smc_mudel_sa_stage_1-smc_mudel_sa_stage_2	mt	inc_cnv	/raid/kang/DelSIEVE/simulation_results/IndelSIEVE_benchmark_pipeline_sa_105_doublet_2/benchmark_results/simulated_data/results/cell_names_dir/cell_names.0004	/raid/kang/DelSIEVE/simulation_results/IndelSIEVE_benchmark_pipeline_sa_105_doublet_2/benchmark_results/indelsieve/from_candidate/variant_calling/stage2/mt/inc_cnv/smc_mudel_sa_stage_1-smc_mudel_sa_stage_2/0004/indelsieve_median.cell_names	/raid/kang/DelSIEVE/simulation_results/IndelSIEVE_benchmark_pipeline_sa_105_doublet_2/benchmark_results/indelsieve/from_candidate/variant_calling/stage2/mt/inc_cnv/smc_mudel_sa_stage_1-smc_mudel_sa_stage_2/0004/indelsieve_median.loci_info	/raid/kang/DelSIEVE/simulation_results/IndelSIEVE_benchmark_pipeline_sa_105_doublet_2/benchmark_results/simulated_data/results/ado_state_dir/ado_states.0004	/raid/kang/DelSIEVE/simulation_results/IndelSIEVE_benchmark_pipeline_sa_105_doublet_2/benchmark_results/indelsieve/from_candidate/variant_calling/stage2/mt/inc_cnv/smc_mudel_sa_stage_1-smc_mudel_sa_stage_2/0004/indelsieve_median.ado	2182	540	13481	3843	0.3621576763485477	0.8016164584864071	0.4989139133417171	0.0385136580843021	2182	540	13481	3843	0.3621576763485477	0.8016164584864071	0.4989139133417171	0.0385136580843021	0	0	20046	0	NA	NA	NA	0.0
40	20	10	0.001999	0.3	8e-06	2e-06	0.0	0.1	2/3	0005	indelsieve	candidate_snvs	smc_mudel_sa_stage_1-smc_mudel_sa_stage_2	mt	inc_cnv	/raid/kang/DelSIEVE/simulation_results/IndelSIEVE_benchmark_pipeline_sa_105_doublet_2/benchmark_results/simulated_data/results/cell_names_dir/cell_names.0005	/raid/kang/DelSIEVE/simulation_results/IndelSIEVE_benchmark_pipeline_sa_105_doublet_2/benchmark_results/indelsieve/from_candidate/variant_calling/stage2/mt/inc_cnv/smc_mudel_sa_stage_1-smc_mudel_sa_stage_2/0005/indelsieve_median.cell_names	/raid/kang/DelSIEVE/simulation_results/IndelSIEVE_benchmark_pipeline_sa_105_doublet_2/benchmark_results/indelsieve/from_candidate/variant_calling/stage2/mt/inc_cnv/smc_mudel_sa_stage_1-smc_mudel_sa_stage_2/0005/indelsieve_median.loci_info	/raid/kang/DelSIEVE/simulation_results/IndelSIEVE_benchmark_pipeline_sa_105_doublet_2/benchmark_results/simulated_data/results/ado_state_dir/ado_states.0005	/raid/kang/DelSIEVE/simulation_results/IndelSIEVE_benchmark_pipeline_sa_105_doublet_2/benchmark_results/indelsieve/from_candidate/variant_calling/stage2/mt/inc_cnv/smc_mudel_sa_stage_1-smc_mudel_sa_stage_2/0005/indelsieve_median.ado	1846	342	13331	4051	0.3130405290825843	0.8436928702010968	0.4566481137909709	0.0250127989468295	1846	342	13331	4051	0.3130405290825843	0.8436928702010968	0.4566481137909709	0.0250127989468295	0	0	19570	0	NA	NA	NA	0.0
40	20	10	0.001999	0.3	8e-06	2e-06	0.0	0.1	2/3	0006	indelsieve	candidate_snvs	smc_mudel_sa_stage_1-smc_mudel_sa_stage_2	mt	inc_cnv	/raid/kang/DelSIEVE/simulation_results/IndelSIEVE_benchmark_pipeline_sa_105_doublet_2/benchmark_results/simulated_data/results/cell_names_dir/cell_names.0006	/raid/kang/DelSIEVE/simulation_results/IndelSIEVE_benchmark_pipeline_sa_105_doublet_2/benchmark_results/indelsieve/from_candidate/variant_calling/stage2/mt/inc_cnv/smc_mudel_sa_stage_1-smc_mudel_sa_stage_2/0006/indelsieve_median.cell_names	/raid/kang/DelSIEVE/simulation_results/IndelSIEVE_benchmark_pipeline_sa_105_doublet_2/benchmark_results/indelsieve/from_candidate/variant_calling/stage2/mt/inc_cnv/smc_mudel_sa_stage_1-smc_mudel_sa_stage_2/0006/indelsieve_median.loci_info	/raid/kang/DelSIEVE/simulation_results/IndelSIEVE_benchmark_pipeline_sa_105_doublet_2/benchmark_results/simulated_data/results/ado_state_dir/ado_states.0006	/raid/kang/DelSIEVE/simulation_results/IndelSIEVE_benchmark_pipeline_sa_105_doublet_2/benchmark_results/indelsieve/from_candidate/variant_calling/stage2/mt/inc_cnv/smc_mudel_sa_stage_1-smc_mudel_sa_stage_2/0006/indelsieve_median.ado	911	223	11146	3815	0.1927634363097757	0.8033509700176367	0.3109215017064846	0.0196147418418506	911	223	11146	3815	0.1927634363097757	0.8033509700176367	0.3109215017064846	0.0196147418418506	0	0	16095	0	NA	NA	NA	0.0
40	20	10	0.001999	0.3	8e-06	2e-06	0.0	0.1	2/3	0007	indelsieve	candidate_snvs	smc_mudel_sa_stage_1-smc_mudel_sa_stage_2	mt	inc_cnv	/raid/kang/DelSIEVE/simulation_results/IndelSIEVE_benchmark_pipeline_sa_105_doublet_2/benchmark_results/simulated_data/results/cell_names_dir/cell_names.0007	/raid/kang/DelSIEVE/simulation_results/IndelSIEVE_benchmark_pipeline_sa_105_doublet_2/benchmark_results/indelsieve/from_candidate/variant_calling/stage2/mt/inc_cnv/smc_mudel_sa_stage_1-smc_mudel_sa_stage_2/0007/indelsieve_median.cell_names	/raid/kang/DelSIEVE/simulation_results/IndelSIEVE_benchmark_pipeline_sa_105_doublet_2/benchmark_results/indelsieve/from_candidate/variant_calling/stage2/mt/inc_cnv/smc_mudel_sa_stage_1-smc_mudel_sa_stage_2/0007/indelsieve_median.loci_info	/raid/kang/DelSIEVE/simulation_results/IndelSIEVE_benchmark_pipeline_sa_105_doublet_2/benchmark_results/simulated_data/results/ado_state_dir/ado_states.0007	/raid/kang/DelSIEVE/simulation_results/IndelSIEVE_benchmark_pipeline_sa_105_doublet_2/benchmark_results/indelsieve/from_candidate/variant_calling/stage2/mt/inc_cnv/smc_mudel_sa_stage_1-smc_mudel_sa_stage_2/0007/indelsieve_median.ado	1893	304	13145	3846	0.3298484056455829	0.8616294947655895	0.4770665322580645	0.0226039110714551	1893	304	13145	3846	0.3298484056455829	0.8616294947655895	0.4770665322580645	0.0226039110714551	0	0	19188	0	NA	NA	NA	0.0
40	20	10	0.001999	0.3	8e-06	2e-06	0.0	0.1	2/3	0008	indelsieve	candidate_snvs	smc_mudel_sa_stage_1-smc_mudel_sa_stage_2	mt	inc_cnv	/raid/kang/DelSIEVE/simulation_results/IndelSIEVE_benchmark_pipeline_sa_105_doublet_2/benchmark_results/simulated_data/results/cell_names_dir/cell_names.0008	/raid/kang/DelSIEVE/simulation_results/IndelSIEVE_benchmark_pipeline_sa_105_doublet_2/benchmark_results/indelsieve/from_candidate/variant_calling/stage2/mt/inc_cnv/smc_mudel_sa_stage_1-smc_mudel_sa_stage_2/0008/indelsieve_median.cell_names	/raid/kang/DelSIEVE/simulation_results/IndelSIEVE_benchmark_pipeline_sa_105_doublet_2/benchmark_results/indelsieve/from_candidate/variant_calling/stage2/mt/inc_cnv/smc_mudel_sa_stage_1-smc_mudel_sa_stage_2/0008/indelsieve_median.loci_info	/raid/kang/DelSIEVE/simulation_results/IndelSIEVE_benchmark_pipeline_sa_105_doublet_2/benchmark_results/simulated_data/results/ado_state_dir/ado_states.0008	/raid/kang/DelSIEVE/simulation_results/IndelSIEVE_benchmark_pipeline_sa_105_doublet_2/benchmark_results/indelsieve/from_candidate/variant_calling/stage2/mt/inc_cnv/smc_mudel_sa_stage_1-smc_mudel_sa_stage_2/0008/indelsieve_median.ado	1486	282	10303	3013	0.3302956212491665	0.8404977375565611	0.4742300941439286	0.0266414737836561	1486	282	10303	3013	0.3302956212491665	0.8404977375565611	0.4742300941439286	0.0266414737836561	0	0	15084	0	NA	NA	NA	0.0
40	20	10	0.001999	0.3	8e-06	2e-06	0.0	0.1	2/3	0009	indelsieve	candidate_snvs	smc_mudel_sa_stage_1-smc_mudel_sa_stage_2	mt	inc_cnv	/raid/kang/DelSIEVE/simulation_results/IndelSIEVE_benchmark_pipeline_sa_105_doublet_2/benchmark_results/simulated_data/results/cell_names_dir/cell_names.0009	/raid/kang/DelSIEVE/simulation_results/IndelSIEVE_benchmark_pipeline_sa_105_doublet_2/benchmark_results/indelsieve/from_candidate/variant_calling/stage2/mt/inc_cnv/smc_mudel_sa_stage_1-smc_mudel_sa_stage_2/0009/indelsieve_median.cell_names	/raid/kang/DelSIEVE/simulation_results/IndelSIEVE_benchmark_pipeline_sa_105_doublet_2/benchmark_results/indelsieve/from_candidate/variant_calling/stage2/mt/inc_cnv/smc_mudel_sa_stage_1-smc_mudel_sa_stage_2/0009/indelsieve_median.loci_info	/raid/kang/DelSIEVE/simulation_results/IndelSIEVE_benchmark_pipeline_sa_105_doublet_2/benchmark_results/simulated_data/results/ado_state_dir/ado_states.0009	/raid/kang/DelSIEVE/simulation_results/IndelSIEVE_benchmark_pipeline_sa_105_doublet_2/benchmark_results/indelsieve/from_candidate/variant_calling/stage2/mt/inc_cnv/smc_mudel_sa_stage_1-smc_mudel_sa_stage_2/0009/indelsieve_median.ado	1456	326	10700	3317	0.3050492352817934	0.8170594837261503	0.4442410373760487	0.0295664792309087	1456	326	10700	3317	0.3050492352817934	0.8170594837261503	0.4442410373760487	0.0295664792309087	0	0	15799	0	NA	NA	NA	0.0
40	20	10	0.001999	0.3	8e-06	2e-06	0.0	0.1	2/3	0010	indelsieve	candidate_snvs	smc_mudel_sa_stage_1-smc_mudel_sa_stage_2	mt	inc_cnv	/raid/kang/DelSIEVE/simulation_results/IndelSIEVE_benchmark_pipeline_sa_105_doublet_2/benchmark_results/simulated_data/results/cell_names_dir/cell_names.0010	/raid/kang/DelSIEVE/simulation_results/IndelSIEVE_benchmark_pipeline_sa_105_doublet_2/benchmark_results/indelsieve/from_candidate/variant_calling/stage2/mt/inc_cnv/smc_mudel_sa_stage_1-smc_mudel_sa_stage_2/0010/indelsieve_median.cell_names	/raid/kang/DelSIEVE/simulation_results/IndelSIEVE_benchmark_pipeline_sa_105_doublet_2/benchmark_results/indelsieve/from_candidate/variant_calling/stage2/mt/inc_cnv/smc_mudel_sa_stage_1-smc_mudel_sa_stage_2/0010/indelsieve_median.loci_info	/raid/kang/DelSIEVE/simulation_results/IndelSIEVE_benchmark_pipeline_sa_105_doublet_2/benchmark_results/simulated_data/results/ado_state_dir/ado_states.0010	/raid/kang/DelSIEVE/simulation_results/IndelSIEVE_benchmark_pipeline_sa_105_doublet_2/benchmark_results/indelsieve/from_candidate/variant_calling/stage2/mt/inc_cnv/smc_mudel_sa_stage_1-smc_mudel_sa_stage_2/0010/indelsieve_median.ado	1429	403	9620	2884	0.3313239044748435	0.7800218340611353	0.465093572009764	0.040207522697795	1429	403	9620	2884	0.3313239044748435	0.7800218340611353	0.465093572009764	0.040207522697795	0	0	14336	0	NA	NA	NA	0.0
40	20	10	0.001999	0.3	8e-06	2e-06	0.0	0.1	2/3	0001	indelsieve	candidate_snvs	smc_mudel_sa_stage_1-smc_mudel_sa_stage_2	mt	exc_cnv	/raid/kang/DelSIEVE/simulation_results/IndelSIEVE_benchmark_pipeline_sa_105_doublet_2/benchmark_results/simulated_data/results/cell_names_dir/cell_names.0001	/raid/kang/DelSIEVE/simulation_results/IndelSIEVE_benchmark_pipeline_sa_105_doublet_2/benchmark_results/indelsieve/from_candidate/variant_calling/stage2/mt/exc_cnv/smc_mudel_sa_stage_1-smc_mudel_sa_stage_2/0001/indelsieve_median.cell_names	/raid/kang/DelSIEVE/simulation_results/IndelSIEVE_benchmark_pipeline_sa_105_doublet_2/benchmark_results/indelsieve/from_candidate/variant_calling/stage2/mt/exc_cnv/smc_mudel_sa_stage_1-smc_mudel_sa_stage_2/0001/indelsieve_median.loci_info	/raid/kang/DelSIEVE/simulation_results/IndelSIEVE_benchmark_pipeline_sa_105_doublet_2/benchmark_results/simulated_data/results/ado_state_dir/ado_states.0001	/raid/kang/DelSIEVE/simulation_results/IndelSIEVE_benchmark_pipeline_sa_105_doublet_2/benchmark_results/indelsieve/from_candidate/variant_calling/stage2/mt/exc_cnv/smc_mudel_sa_stage_1-smc_mudel_sa_stage_2/0001/indelsieve_median.ado	1847	172	4589	232	0.8884078884078884	0.9148093115403664	0.9014153245485602	0.0361268641041797	1847	172	4589	232	0.8884078884078884	0.9148093115403664	0.9014153245485602	0.0361268641041797	0	0	6840	0	NA	NA	NA	0.0
40	20	10	0.001999	0.3	8e-06	2e-06	0.0	0.1	2/3	0002	indelsieve	candidate_snvs	smc_mudel_sa_stage_1-smc_mudel_sa_stage_2	mt	exc_cnv	/raid/kang/DelSIEVE/simulation_results/IndelSIEVE_benchmark_pipeline_sa_105_doublet_2/benchmark_results/simulated_data/results/cell_names_dir/cell_names.0002	/raid/kang/DelSIEVE/simulation_results/IndelSIEVE_benchmark_pipeline_sa_105_doublet_2/benchmark_results/indelsieve/from_candidate/variant_calling/stage2/mt/exc_cnv/smc_mudel_sa_stage_1-smc_mudel_sa_stage_2/0002/indelsieve_median.cell_names	/raid/kang/DelSIEVE/simulation_results/IndelSIEVE_benchmark_pipeline_sa_105_doublet_2/benchmark_results/indelsieve/from_candidate/variant_calling/stage2/mt/exc_cnv/smc_mudel_sa_stage_1-smc_mudel_sa_stage_2/0002/indelsieve_median.loci_info	/raid/kang/DelSIEVE/simulation_results/IndelSIEVE_benchmark_pipeline_sa_105_doublet_2/benchmark_results/simulated_data/results/ado_state_dir/ado_states.0002	/raid/kang/DelSIEVE/simulation_results/IndelSIEVE_benchmark_pipeline_sa_105_doublet_2/benchmark_results/indelsieve/from_candidate/variant_calling/stage2/mt/exc_cnv/smc_mudel_sa_stage_1-smc_mudel_sa_stage_2/0002/indelsieve_median.ado	1494	133	3519	219	0.87215411558669	0.9182544560540872	0.8946107784431138	0.0364184008762322	1494	133	3519	219	0.87215411558669	0.9182544560540872	0.8946107784431138	0.0364184008762322	0	0	5365	0	NA	NA	NA	0.0
40	20	10	0.001999	0.3	8e-06	2e-06	0.0	0.1	2/3	0003	indelsieve	candidate_snvs	smc_mudel_sa_stage_1-smc_mudel_sa_stage_2	mt	exc_cnv	/raid/kang/DelSIEVE/simulation_results/IndelSIEVE_benchmark_pipeline_sa_105_doublet_2/benchmark_results/simulated_data/results/cell_names_dir/cell_names.0003	/raid/kang/DelSIEVE/simulation_results/IndelSIEVE_benchmark_pipeline_sa_105_doublet_2/benchmark_results/indelsieve/from_candidate/variant_calling/stage2/mt/exc_cnv/smc_mudel_sa_stage_1-smc_mudel_sa_stage_2/0003/indelsieve_median.cell_names	/raid/kang/DelSIEVE/simulation_results/IndelSIEVE_benchmark_pipeline_sa_105_doublet_2/benchmark_results/indelsieve/from_candidate/variant_calling/stage2/mt/exc_cnv/smc_mudel_sa_stage_1-smc_mudel_sa_stage_2/0003/indelsieve_median.loci_info	/raid/kang/DelSIEVE/simulation_results/IndelSIEVE_benchmark_pipeline_sa_105_doublet_2/benchmark_results/simulated_data/results/ado_state_dir/ado_states.0003	/raid/kang/DelSIEVE/simulation_results/IndelSIEVE_benchmark_pipeline_sa_105_doublet_2/benchmark_results/indelsieve/from_candidate/variant_calling/stage2/mt/exc_cnv/smc_mudel_sa_stage_1-smc_mudel_sa_stage_2/0003/indelsieve_median.ado	1357	98	3703	282	0.8279438682123246	0.9326460481099657	0.8771816418875242	0.0257826887661141	1357	98	3703	282	0.8279438682123246	0.9326460481099657	0.8771816418875242	0.0257826887661141	0	0	5440	0	NA	NA	NA	0.0
40	20	10	0.001999	0.3	8e-06	2e-06	0.0	0.1	2/3	0004	indelsieve	candidate_snvs	smc_mudel_sa_stage_1-smc_mudel_sa_stage_2	mt	exc_cnv	/raid/kang/DelSIEVE/simulation_results/IndelSIEVE_benchmark_pipeline_sa_105_doublet_2/benchmark_results/simulated_data/results/cell_names_dir/cell_names.0004	/raid/kang/DelSIEVE/simulation_results/IndelSIEVE_benchmark_pipeline_sa_105_doublet_2/benchmark_results/indelsieve/from_candidate/variant_calling/stage2/mt/exc_cnv/smc_mudel_sa_stage_1-smc_mudel_sa_stage_2/0004/indelsieve_median.cell_names	/raid/kang/DelSIEVE/simulation_results/IndelSIEVE_benchmark_pipeline_sa_105_doublet_2/benchmark_results/indelsieve/from_candidate/variant_calling/stage2/mt/exc_cnv/smc_mudel_sa_stage_1-smc_mudel_sa_stage_2/0004/indelsieve_median.loci_info	/raid/kang/DelSIEVE/simulation_results/IndelSIEVE_benchmark_pipeline_sa_105_doublet_2/benchmark_results/simulated_data/results/ado_state_dir/ado_states.0004	/raid/kang/DelSIEVE/simulation_results/IndelSIEVE_benchmark_pipeline_sa_105_doublet_2/benchmark_results/indelsieve/from_candidate/variant_calling/stage2/mt/exc_cnv/smc_mudel_sa_stage_1-smc_mudel_sa_stage_2/0004/indelsieve_median.ado	2009	180	5055	283	0.8765270506108203	0.9177706715395156	0.8966748493639812	0.0343839541547277	2009	180	5055	283	0.8765270506108203	0.9177706715395156	0.8966748493639812	0.0343839541547277	0	0	7527	0	NA	NA	NA	0.0
40	20	10	0.001999	0.3	8e-06	2e-06	0.0	0.1	2/3	0005	indelsieve	candidate_snvs	smc_mudel_sa_stage_1-smc_mudel_sa_stage_2	mt	exc_cnv	/raid/kang/DelSIEVE/simulation_results/IndelSIEVE_benchmark_pipeline_sa_105_doublet_2/benchmark_results/simulated_data/results/cell_names_dir/cell_names.0005	/raid/kang/DelSIEVE/simulation_results/IndelSIEVE_benchmark_pipeline_sa_105_doublet_2/benchmark_results/indelsieve/from_candidate/variant_calling/stage2/mt/exc_cnv/smc_mudel_sa_stage_1-smc_mudel_sa_stage_2/0005/indelsieve_median.cell_names	/raid/kang/DelSIEVE/simulation_results/IndelSIEVE_benchmark_pipeline_sa_105_doublet_2/benchmark_results/indelsieve/from_candidate/variant_calling/stage2/mt/exc_cnv/smc_mudel_sa_stage_1-smc_mudel_sa_stage_2/0005/indelsieve_median.loci_info	/raid/kang/DelSIEVE/simulation_results/IndelSIEVE_benchmark_pipeline_sa_105_doublet_2/benchmark_results/simulated_data/results/ado_state_dir/ado_states.0005	/raid/kang/DelSIEVE/simulation_results/IndelSIEVE_benchmark_pipeline_sa_105_doublet_2/benchmark_results/indelsieve/from_candidate/variant_calling/stage2/mt/exc_cnv/smc_mudel_sa_stage_1-smc_mudel_sa_stage_2/0005/indelsieve_median.ado	2274	235	5544	269	0.8942194258749508	0.9063371861299322	0.9002375296912114	0.0406644748226336	2274	235	5544	269	0.8942194258749508	0.9063371861299322	0.9002375296912114	0.0406644748226336	0	0	8322	0	NA	NA	NA	0.0
40	20	10	0.001999	0.3	8e-06	2e-06	0.0	0.1	2/3	0006	indelsieve	candidate_snvs	smc_mudel_sa_stage_1-smc_mudel_sa_stage_2	mt	exc_cnv	/raid/kang/DelSIEVE/simulation_results/IndelSIEVE_benchmark_pipeline_sa_105_doublet_2/benchmark_results/simulated_data/results/cell_names_dir/cell_names.0006	/raid/kang/DelSIEVE/simulation_results/IndelSIEVE_benchmark_pipeline_sa_105_doublet_2/benchmark_results/indelsieve/from_candidate/variant_calling/stage2/mt/exc_cnv/smc_mudel_sa_stage_1-smc_mudel_sa_stage_2/0006/indelsieve_median.cell_names	/raid/kang/DelSIEVE/simulation_results/IndelSIEVE_benchmark_pipeline_sa_105_doublet_2/benchmark_results/indelsieve/from_candidate/variant_calling/stage2/mt/exc_cnv/smc_mudel_sa_stage_1-smc_mudel_sa_stage_2/0006/indelsieve_median.loci_info	/raid/kang/DelSIEVE/simulation_results/IndelSIEVE_benchmark_pipeline_sa_105_doublet_2/benchmark_results/simulated_data/results/ado_state_dir/ado_states.0006	/raid/kang/DelSIEVE/simulation_results/IndelSIEVE_benchmark_pipeline_sa_105_doublet_2/benchmark_results/indelsieve/from_candidate/variant_calling/stage2/mt/exc_cnv/smc_mudel_sa_stage_1-smc_mudel_sa_stage_2/0006/indelsieve_median.ado	1496	166	4116	253	0.8553459119496856	0.9001203369434416	0.8771621225447083	0.038766931340495	1496	166	4116	253	0.8553459119496856	0.9001203369434416	0.8771621225447083	0.038766931340495	0	0	6031	0	NA	NA	NA	0.0
40	20	10	0.001999	0.3	8e-06	2e-06	0.0	0.1	2/3	0007	indelsieve	candidate_snvs	smc_mudel_sa_stage_1-smc_mudel_sa_stage_2	mt	exc_cnv	/raid/kang/DelSIEVE/simulation_results/IndelSIEVE_benchmark_pipeline_sa_105_doublet_2/benchmark_results/simulated_data/results/cell_names_dir/cell_names.0007	/raid/kang/DelSIEVE/simulation_results/IndelSIEVE_benchmark_pipeline_sa_105_doublet_2/benchmark_results/indelsieve/from_candidate/variant_calling/stage2/mt/exc_cnv/smc_mudel_sa_stage_1-smc_mudel_sa_stage_2/0007/indelsieve_median.cell_names	/raid/kang/DelSIEVE/simulation_results/IndelSIEVE_benchmark_pipeline_sa_105_doublet_2/benchmark_results/indelsieve/from_candidate/variant_calling/stage2/mt/exc_cnv/smc_mudel_sa_stage_1-smc_mudel_sa_stage_2/0007/indelsieve_median.loci_info	/raid/kang/DelSIEVE/simulation_results/IndelSIEVE_benchmark_pipeline_sa_105_doublet_2/benchmark_results/simulated_data/results/ado_state_dir/ado_states.0007	/raid/kang/DelSIEVE/simulation_results/IndelSIEVE_benchmark_pipeline_sa_105_doublet_2/benchmark_results/indelsieve/from_candidate/variant_calling/stage2/mt/exc_cnv/smc_mudel_sa_stage_1-smc_mudel_sa_stage_2/0007/indelsieve_median.ado	2005	186	4915	238	0.8938921087828801	0.9151072569602922	0.9043752819124944	0.0364634385414624	2005	186	4915	238	0.8938921087828801	0.9151072569602922	0.9043752819124944	0.0364634385414624	0	0	7344	0	NA	NA	NA	0.0
40	20	10	0.001999	0.3	8e-06	2e-06	0.0	0.1	2/3	0008	indelsieve	candidate_snvs	smc_mudel_sa_stage_1-smc_mudel_sa_stage_2	mt	exc_cnv	/raid/kang/DelSIEVE/simulation_results/IndelSIEVE_benchmark_pipeline_sa_105_doublet_2/benchmark_results/simulated_data/results/cell_names_dir/cell_names.0008	/raid/kang/DelSIEVE/simulation_results/IndelSIEVE_benchmark_pipeline_sa_105_doublet_2/benchmark_results/indelsieve/from_candidate/variant_calling/stage2/mt/exc_cnv/smc_mudel_sa_stage_1-smc_mudel_sa_stage_2/0008/indelsieve_median.cell_names	/raid/kang/DelSIEVE/simulation_results/IndelSIEVE_benchmark_pipeline_sa_105_doublet_2/benchmark_results/indelsieve/from_candidate/variant_calling/stage2/mt/exc_cnv/smc_mudel_sa_stage_1-smc_mudel_sa_stage_2/0008/indelsieve_median.loci_info	/raid/kang/DelSIEVE/simulation_results/IndelSIEVE_benchmark_pipeline_sa_105_doublet_2/benchmark_results/simulated_data/results/ado_state_dir/ado_states.0008	/raid/kang/DelSIEVE/simulation_results/IndelSIEVE_benchmark_pipeline_sa_105_doublet_2/benchmark_results/indelsieve/from_candidate/variant_calling/stage2/mt/exc_cnv/smc_mudel_sa_stage_1-smc_mudel_sa_stage_2/0008/indelsieve_median.ado	1521	123	3836	208	0.8796992481203008	0.9251824817518248	0.9018677734954048	0.0310684516291992	1521	123	3836	208	0.8796992481203008	0.9251824817518248	0.9018677734954048	0.0310684516291992	0	0	5688	0	NA	NA	NA	0.0
40	20	10	0.001999	0.3	8e-06	2e-06	0.0	0.1	2/3	0009	indelsieve	candidate_snvs	smc_mudel_sa_stage_1-smc_mudel_sa_stage_2	mt	exc_cnv	/raid/kang/DelSIEVE/simulation_results/IndelSIEVE_benchmark_pipeline_sa_105_doublet_2/benchmark_results/simulated_data/results/cell_names_dir/cell_names.0009	/raid/kang/DelSIEVE/simulation_results/IndelSIEVE_benchmark_pipeline_sa_105_doublet_2/benchmark_results/indelsieve/from_candidate/variant_calling/stage2/mt/exc_cnv/smc_mudel_sa_stage_1-smc_mudel_sa_stage_2/0009/indelsieve_median.cell_names	/raid/kang/DelSIEVE/simulation_results/IndelSIEVE_benchmark_pipeline_sa_105_doublet_2/benchmark_results/indelsieve/from_candidate/variant_calling/stage2/mt/exc_cnv/smc_mudel_sa_stage_1-smc_mudel_sa_stage_2/0009/indelsieve_median.loci_info	/raid/kang/DelSIEVE/simulation_results/IndelSIEVE_benchmark_pipeline_sa_105_doublet_2/benchmark_results/simulated_data/results/ado_state_dir/ado_states.0009	/raid/kang/DelSIEVE/simulation_results/IndelSIEVE_benchmark_pipeline_sa_105_doublet_2/benchmark_results/indelsieve/from_candidate/variant_calling/stage2/mt/exc_cnv/smc_mudel_sa_stage_1-smc_mudel_sa_stage_2/0009/indelsieve_median.ado	1512	202	4020	260	0.8532731376975169	0.882147024504084	0.8674698795180722	0.0478446234012316	1512	202	4020	260	0.8532731376975169	0.882147024504084	0.8674698795180722	0.0478446234012316	0	0	5994	0	NA	NA	NA	0.0
40	20	10	0.001999	0.3	8e-06	2e-06	0.0	0.1	2/3	0010	indelsieve	candidate_snvs	smc_mudel_sa_stage_1-smc_mudel_sa_stage_2	mt	exc_cnv	/raid/kang/DelSIEVE/simulation_results/IndelSIEVE_benchmark_pipeline_sa_105_doublet_2/benchmark_results/simulated_data/results/cell_names_dir/cell_names.0010	/raid/kang/DelSIEVE/simulation_results/IndelSIEVE_benchmark_pipeline_sa_105_doublet_2/benchmark_results/indelsieve/from_candidate/variant_calling/stage2/mt/exc_cnv/smc_mudel_sa_stage_1-smc_mudel_sa_stage_2/0010/indelsieve_median.cell_names	/raid/kang/DelSIEVE/simulation_results/IndelSIEVE_benchmark_pipeline_sa_105_doublet_2/benchmark_results/indelsieve/from_candidate/variant_calling/stage2/mt/exc_cnv/smc_mudel_sa_stage_1-smc_mudel_sa_stage_2/0010/indelsieve_median.loci_info	/raid/kang/DelSIEVE/simulation_results/IndelSIEVE_benchmark_pipeline_sa_105_doublet_2/benchmark_results/simulated_data/results/ado_state_dir/ado_states.0010	/raid/kang/DelSIEVE/simulation_results/IndelSIEVE_benchmark_pipeline_sa_105_doublet_2/benchmark_results/indelsieve/from_candidate/variant_calling/stage2/mt/exc_cnv/smc_mudel_sa_stage_1-smc_mudel_sa_stage_2/0010/indelsieve_median.ado	1337	100	3540	239	0.8483502538071066	0.930410577592206	0.8874875539329572	0.0274725274725274	1337	100	3540	239	0.8483502538071066	0.930410577592206	0.8874875539329572	0.0274725274725274	0	0	5216	0	NA	NA	NA	0.0
