cell_num	coverage_mean	coverage_variance	dataset	tool	snv_type	tool_setup	fine_tune_type	data_type	estimates_type	mutation_rate	deletion_rate	doublet_rate	insertion_rate	cnv_rate	allelic_seq_cov	allelic_seq_cov_raw_var	eff_seq_err_rate	ado_rate	wild_overdispersion	alternative_overdispersion	gamma_shape	population_size
40	20	10	0001	indelsieve	candidate_snvs	smc_mudel_sa_stage_1	mt	exc_cnv	median	8e-06	0.1318072366404332	0.0	NA	1/3	21.055823756252884	12.940131119562013	0.0023651833082991	0.3059868514113975	51.4027402046938	2.553697004917976	10.409551476525838	1.248258782627398
40	20	10	0001	indelsieve	candidate_snvs	smc_mudel_sa_stage_1	mt	inc_cnv	median	8e-06	0.3389451469648525	0.0	NA	1/3	27.9032921901102	215.20485980976832	0.0020529046925632	0.2917948339510153	51.3689310203959	2.0868351909646994	9.987359533233676	1.8390236820860204
40	20	10	0002	indelsieve	candidate_snvs	smc_mudel_sa_stage_1	mt	exc_cnv	mode	8e-06	0.0822584347686323	0.0	NA	1/3	20.411544684174142	12.213574352335018	0.0023312254171724	0.2978780860046706	51.38767342109389	2.488053429894957	10.114664455842416	1.1830143212020678
40	20	10	0002	indelsieve	candidate_snvs	smc_mudel_sa_stage_1	mt	inc_cnv	median	8e-06	0.4010824570281064	0.0	NA	1/3	26.88518771558733	204.85679508053715	0.0020589713287859	0.2910897124271139	51.36712958518879	2.0628491794506973	6.382634119381827	2.864513851614805
40	20	10	0003	indelsieve	candidate_snvs	smc_mudel_sa_stage_1	mt	exc_cnv	median	8e-06	0.1106228695490034	0.0	NA	1/3	17.82483201705925	9.192652478084142	0.0022842579616712	0.2943711292320259	51.39935587700299	2.5764161935793664	10.302650376572505	1.598586020560062
40	20	10	0003	indelsieve	candidate_snvs	smc_mudel_sa_stage_1	mt	inc_cnv	median	8e-06	0.3745701967404907	0.0	NA	1/3	22.817062552591544	128.7483651283607	0.0020274390410666	0.292474423893534	51.341369324495055	2.11011497718294	9.309046038229916	2.276650868937776
40	20	10	0004	indelsieve	candidate_snvs	smc_mudel_sa_stage_1	mt	exc_cnv	median	8e-06	0.1539446990897979	0.0	NA	1/3	17.951296352888818	8.889624307185231	0.0023327917483391	0.3043309497279284	51.55027075456952	2.5241589965973463	10.311917565124112	1.281424453942554
40	20	10	0004	indelsieve	candidate_snvs	smc_mudel_sa_stage_1	mt	inc_cnv	median	8e-06	0.3092508024867794	0.0	NA	1/3	22.38236752901364	113.30398267144322	0.0020546449794553	0.3025829531237748	51.414957552825	2.095761812263313	9.674208158956452	1.7708243075934251
40	20	10	0005	indelsieve	candidate_snvs	smc_mudel_sa_stage_1	mt	exc_cnv	median	8e-06	0.1240580823152358	0.0	NA	1/3	19.728138715701988	10.919625060281472	0.0023407767227594	0.308927716671424	51.42393873315767	2.591775655355473	10.322454193458949	1.435798135475313
40	20	10	0005	indelsieve	candidate_snvs	smc_mudel_sa_stage_1	mt	inc_cnv	median	8e-06	0.2908432535863636	0.0	NA	1/3	26.248682070738145	192.6189209623089	0.0020643526271164	0.2941245467416485	51.36561812170914	2.1634889993008484	9.60905404511398	1.9371405101729815
40	20	10	0006	indelsieve	candidate_snvs	smc_mudel_sa_stage_1	mt	exc_cnv	median	8e-06	0.1055220259068436	0.0	NA	1/3	19.71682970391403	10.9911573227485	0.002311232478019	0.297820651823949	51.46116975162828	2.534938398884579	11.513926518130756	1.7061897231183467
40	20	10	0006	indelsieve	candidate_snvs	smc_mudel_sa_stage_1	mt	inc_cnv	median	8e-06	0.3273963862072461	0.0	NA	1/3	25.307155830926888	165.27601974856742	0.0020416269154685	0.303669921722541	51.36750870314616	2.078064382032424	8.33180427093787	2.730655047728188
40	20	10	0007	indelsieve	candidate_snvs	smc_mudel_sa_stage_1	mt	exc_cnv	median	8e-06	0.1200693579286175	0.0	NA	1/3	20.41594322314921	11.808751597723068	0.0023251734660581	0.3059522136605493	51.47138960158256	2.6013051331704995	10.55791586230816	0.8249811665886416
40	20	10	0007	indelsieve	candidate_snvs	smc_mudel_sa_stage_1	mt	inc_cnv	mode	8e-06	0.2529415480816332	0.0	NA	1/3	26.37577811753719	178.06847720892955	0.0020606182572217	0.2986729422787167	51.35862442263118	2.184458209754221	8.66269818455233	1.2892340827208746
40	20	10	0008	indelsieve	candidate_snvs	smc_mudel_sa_stage_1	mt	exc_cnv	median	8e-06	0.1536747182242728	0.0	NA	1/3	19.60310615635612	10.921472990557858	0.002300166243299	0.291283058570929	51.39837046492492	2.5395681264876027	10.733664861513336	1.3019361496950026
40	20	10	0008	indelsieve	candidate_snvs	smc_mudel_sa_stage_1	mt	inc_cnv	median	8e-06	0.3956126426658354	0.0	NA	1/3	26.25964832054476	180.3705251389493	0.0020320527486228	0.316622824371785	51.35527642721914	2.182824467087061	9.747829504789484	2.0736853112042763
40	20	10	0009	indelsieve	candidate_snvs	smc_mudel_sa_stage_1	mt	exc_cnv	median	8e-06	0.1413939181153736	0.0	NA	1/3	21.39148137841612	12.731094361280691	0.0023320224176264	0.2999506143094851	51.45830071348313	2.60513074538893	9.443398969637569	1.188101814568308
40	20	10	0009	indelsieve	candidate_snvs	smc_mudel_sa_stage_1	mt	inc_cnv	median	8e-06	0.345328085109276	0.0	NA	1/3	28.63522906442551	227.94958852720197	0.0020853195040491	0.2881440387754455	51.40472340953469	2.0531988164864923	8.428641482315959	2.0367306839471917
40	20	10	0010	indelsieve	candidate_snvs	smc_mudel_sa_stage_1	mt	exc_cnv	median	8e-06	0.0939036017622006	0.0	NA	1/3	20.041566257994184	10.9409351294133	0.002333758496046	0.2968685656846085	51.40643654535148	2.400337950613359	10.400723725062392	1.0567423176051691
40	20	10	0010	indelsieve	candidate_snvs	smc_mudel_sa_stage_1	mt	inc_cnv	median	8e-06	0.2870259929669868	0.0	NA	1/3	27.853942013873656	232.7180905442157	0.0020518081099269	0.3131185779159226	51.35522954169124	1.9484513942679949	10.59679197594904	1.405855690430032
40	20	10	0001	indelsieve	candidate_snvs	smc_mudel_sa_stage_1-smc_mudel_sa_stage_2	mt	inc_cnv	median	8e-06	0.1429599309259734	0.0	NA	1/3	NA	NA	NA	NA	NA	NA	NA	0.0764439615223593
40	20	10	0002	indelsieve	candidate_snvs	smc_mudel_sa_stage_1-smc_mudel_sa_stage_2	mt	inc_cnv	median	8e-06	0.1288372087978486	0.0	NA	1/3	NA	NA	NA	NA	NA	NA	NA	0.0593246038359689
40	20	10	0003	indelsieve	candidate_snvs	smc_mudel_sa_stage_1-smc_mudel_sa_stage_2	mt	inc_cnv	median	8e-06	0.1012508345697179	0.0	NA	1/3	NA	NA	NA	NA	NA	NA	NA	0.0731828106714132
40	20	10	0004	indelsieve	candidate_snvs	smc_mudel_sa_stage_1-smc_mudel_sa_stage_2	mt	inc_cnv	median	8e-06	0.1603884562364087	0.0	NA	1/3	NA	NA	NA	NA	NA	NA	NA	0.0818259645630214
40	20	10	0005	indelsieve	candidate_snvs	smc_mudel_sa_stage_1-smc_mudel_sa_stage_2	mt	inc_cnv	median	8e-06	0.1306770526533444	0.0	NA	1/3	NA	NA	NA	NA	NA	NA	NA	0.0836812933163472
40	20	10	0006	indelsieve	candidate_snvs	smc_mudel_sa_stage_1-smc_mudel_sa_stage_2	mt	inc_cnv	median	8e-06	0.1251211125336204	0.0	NA	1/3	NA	NA	NA	NA	NA	NA	NA	0.0943349672212242
40	20	10	0007	indelsieve	candidate_snvs	smc_mudel_sa_stage_1-smc_mudel_sa_stage_2	mt	inc_cnv	median	8e-06	0.1343120600435302	0.0	NA	1/3	NA	NA	NA	NA	NA	NA	NA	0.057921535721472
40	20	10	0008	indelsieve	candidate_snvs	smc_mudel_sa_stage_1-smc_mudel_sa_stage_2	mt	inc_cnv	median	8e-06	0.1103975926287693	0.0	NA	1/3	NA	NA	NA	NA	NA	NA	NA	0.080056506320959
40	20	10	0009	indelsieve	candidate_snvs	smc_mudel_sa_stage_1-smc_mudel_sa_stage_2	mt	inc_cnv	median	8e-06	0.1661752397174451	0.0	NA	1/3	NA	NA	NA	NA	NA	NA	NA	0.0881578811876955
40	20	10	0010	indelsieve	candidate_snvs	smc_mudel_sa_stage_1-smc_mudel_sa_stage_2	mt	inc_cnv	median	8e-06	0.0677823507915438	0.0	NA	1/3	NA	NA	NA	NA	NA	NA	NA	0.0495761469390277
40	20	10	0001	indelsieve	candidate_snvs	smc_mudel_sa_stage_1-smc_mudel_sa_stage_2	mt	exc_cnv	median	8e-06	0.1143502476545629	0.0	NA	1/3	NA	NA	NA	NA	NA	NA	NA	0.0866022484003212
40	20	10	0002	indelsieve	candidate_snvs	smc_mudel_sa_stage_1-smc_mudel_sa_stage_2	mt	exc_cnv	median	8e-06	0.0595111913683107	0.0	NA	1/3	NA	NA	NA	NA	NA	NA	NA	0.0554022921260629
40	20	10	0003	indelsieve	candidate_snvs	smc_mudel_sa_stage_1-smc_mudel_sa_stage_2	mt	exc_cnv	median	8e-06	0.0623585903051287	0.0	NA	1/3	NA	NA	NA	NA	NA	NA	NA	0.0836102194056832
40	20	10	0004	indelsieve	candidate_snvs	smc_mudel_sa_stage_1-smc_mudel_sa_stage_2	mt	exc_cnv	median	8e-06	0.1288194376027215	0.0	NA	1/3	NA	NA	NA	NA	NA	NA	NA	0.098098241792878
40	20	10	0005	indelsieve	candidate_snvs	smc_mudel_sa_stage_1-smc_mudel_sa_stage_2	mt	exc_cnv	median	8e-06	0.0985982387680421	0.0	NA	1/3	NA	NA	NA	NA	NA	NA	NA	0.0901529534347218
40	20	10	0006	indelsieve	candidate_snvs	smc_mudel_sa_stage_1-smc_mudel_sa_stage_2	mt	exc_cnv	median	8e-06	0.0726083232159304	0.0	NA	1/3	NA	NA	NA	NA	NA	NA	NA	0.1053697797996033
40	20	10	0007	indelsieve	candidate_snvs	smc_mudel_sa_stage_1-smc_mudel_sa_stage_2	mt	exc_cnv	median	8e-06	0.1139204506449508	0.0	NA	1/3	NA	NA	NA	NA	NA	NA	NA	0.0609247351620766
40	20	10	0008	indelsieve	candidate_snvs	smc_mudel_sa_stage_1-smc_mudel_sa_stage_2	mt	exc_cnv	median	8e-06	0.0936077959704082	0.0	NA	1/3	NA	NA	NA	NA	NA	NA	NA	0.0851629168009921
40	20	10	0009	indelsieve	candidate_snvs	smc_mudel_sa_stage_1-smc_mudel_sa_stage_2	mt	exc_cnv	median	8e-06	0.1263817615498852	0.0	NA	1/3	NA	NA	NA	NA	NA	NA	NA	0.0881545497106584
40	20	10	0010	indelsieve	candidate_snvs	smc_mudel_sa_stage_1-smc_mudel_sa_stage_2	mt	exc_cnv	median	8e-06	0.0607301551984404	0.0	NA	1/3	NA	NA	NA	NA	NA	NA	NA	0.0536291952073978
