cell_num	coverage_mean	coverage_variance	eff_seq_err_rate	ado_rate	mutation_rate	deletion_rate	insertion_rate	doublet_rate	cnv_rate	dataset	tool	snv_type	tool_setup	fine_tune_type	data_type	true_cell_names	cell_names	true_loci_info	loci_info	true_genotypes	genotypes	true_ternary	ternary	genotype_probs	true_positive	false_positive	true_negative	false_negative	recall	precision	f1_score	fall_out	true_positive_mu	false_positive_mu	true_negative_mu	false_negative_mu	recall_mu	precision_mu	f1_score_mu	fall_out_mu	true_positive_hetero_mu	false_positive_hetero_mu	true_negative_hetero_mu	false_negative_hetero_mu	recall_hetero_mu	precision_hetero_mu	f1_score_hetero_mu	fall_out_hetero_mu	true_positive_homo_mu	false_positive_homo_mu	true_negative_homo_mu	false_negative_homo_mu	recall_homo_mu	precision_homo_mu	f1_score_homo_mu	fall_out_homo_mu	true_homo_mu	true_homo_ref_as_hetero_mu	true_homo_mu_as_homo_ref	true_homo_mu_as_hetero_mu	true_positive_del	false_positive_del	true_negative_del	false_negative_del	recall_del	precision_del	fall_out_del	f1_score_del	true_positive_all_del	false_positive_all_del	true_negative_all_del	false_negative_all_del	recall_all_del	precision_all_del	fall_out_all_del	f1_score_all_del	true_positive_del_alt_left	false_positive_del_alt_left	true_negative_del_alt_left	false_negative_del_alt_left	recall_del_alt_left	precision_del_alt_left	fall_out_del_alt_left	f1_score_del_alt_left	true_positive_del_ref_left	false_positive_del_ref_left	true_negative_del_ref_left	false_negative_del_ref_left	recall_del_ref_left	precision_del_ref_left	fall_out_del_ref_left	f1_score_del_ref_left	true_del_ref_left_as_homo_ref	true_del_ref_left_as_hetero_mu	true_del_alt_left_as_hetero_mu	true_del_alt_left_as_homo_mu	true_positive_amp	false_positive_amp	true_negative_amp	false_negative_amp	recall_amp	precision_amp	fall_out_amp	f1_score_amp
40	20	10	0.001999	0.3	8e-06	2e-06	0.0	0.02	0	0001	indelsieve	candidate_snvs	smc_mudel_sa_stage_1	mt	no_cnv	/raid/kang/DelSIEVE/simulation_results/IndelSIEVE_benchmark_pipeline_sa_105_doublet_1/benchmark_results/simulated_data/results/cell_names_dir/cell_names.0001	/raid/kang/DelSIEVE/simulation_results/IndelSIEVE_benchmark_pipeline_sa_105_doublet_1/benchmark_results/indelsieve/from_candidate/variant_calling/mt/no_cnv/smc_mudel_sa_stage_1/0001/indelsieve_median.cell_names	/raid/kang/DelSIEVE/simulation_results/IndelSIEVE_benchmark_pipeline_sa_105_doublet_1/benchmark_results/simulated_data/results/data_type/no_cnv/0001/true_evo_events_sites_names	/raid/kang/DelSIEVE/simulation_results/IndelSIEVE_benchmark_pipeline_sa_105_doublet_1/benchmark_results/indelsieve/from_candidate/variant_calling/mt/no_cnv/smc_mudel_sa_stage_1/0001/indelsieve_median.loci_info	/raid/kang/DelSIEVE/simulation_results/IndelSIEVE_benchmark_pipeline_sa_105_doublet_1/benchmark_results/simulated_data/results/data_type/no_cnv/0001/true_evo_events_genotypes_numeric	/raid/kang/DelSIEVE/simulation_results/IndelSIEVE_benchmark_pipeline_sa_105_doublet_1/benchmark_results/indelsieve/from_candidate/variant_calling/mt/no_cnv/smc_mudel_sa_stage_1/0001/indelsieve_median.genotypes	/raid/kang/DelSIEVE/simulation_results/IndelSIEVE_benchmark_pipeline_sa_105_doublet_1/benchmark_results/simulated_data/results/data_type/no_cnv/0001/true_evo_events_ternary_matrix	/raid/kang/DelSIEVE/simulation_results/IndelSIEVE_benchmark_pipeline_sa_105_doublet_1/benchmark_results/indelsieve/from_candidate/variant_calling/mt/no_cnv/smc_mudel_sa_stage_1/0001/indelsieve_median.ternary	/raid/kang/DelSIEVE/simulation_results/IndelSIEVE_benchmark_pipeline_sa_105_doublet_1/benchmark_results/indelsieve/from_candidate/variant_calling/mt/no_cnv/smc_mudel_sa_stage_1/0001/indelsieve_median.probs	6795	59	20234	1538	0.8154326173046922	0.9913918879486432	0.8948442747086324	0.0029074064948504	6242	55	22019	302	0.9538508557457211	0.9912656820708272	0.9721984269137915	0.0024916190993929	5810	84	22423	301	0.9507445589919816	0.985748218527316	0.967930029154519	0.0037321722130892	245	2	28344	27	0.9007352941176472	0.9919028340080972	0.9441233140655106	7.055669230226487e-05	272	46	4	23	695	18	17410	51	0.9316353887399464	0.9747545582047684	0.0010328207482212	0.9527073337902672	0	0	18173	1	0.0	NA	0.0	NA	151	5	18008	10	0.937888198757764	0.967948717948718	0.0002775773052795	0.9526813880126184	539	18	17572	45	0.922945205479452	0.9676840215439856	0.0010233086981239	0.9447852760736196	36	6	9	0	0	0	18174	0	NA	NA	0.0	NA
40	20	10	0.001999	0.3	8e-06	2e-06	0.0	0.02	0	0002	indelsieve	candidate_snvs	smc_mudel_sa_stage_1	mt	no_cnv	/raid/kang/DelSIEVE/simulation_results/IndelSIEVE_benchmark_pipeline_sa_105_doublet_1/benchmark_results/simulated_data/results/cell_names_dir/cell_names.0002	/raid/kang/DelSIEVE/simulation_results/IndelSIEVE_benchmark_pipeline_sa_105_doublet_1/benchmark_results/indelsieve/from_candidate/variant_calling/mt/no_cnv/smc_mudel_sa_stage_1/0002/indelsieve_median.cell_names	/raid/kang/DelSIEVE/simulation_results/IndelSIEVE_benchmark_pipeline_sa_105_doublet_1/benchmark_results/simulated_data/results/data_type/no_cnv/0002/true_evo_events_sites_names	/raid/kang/DelSIEVE/simulation_results/IndelSIEVE_benchmark_pipeline_sa_105_doublet_1/benchmark_results/indelsieve/from_candidate/variant_calling/mt/no_cnv/smc_mudel_sa_stage_1/0002/indelsieve_median.loci_info	/raid/kang/DelSIEVE/simulation_results/IndelSIEVE_benchmark_pipeline_sa_105_doublet_1/benchmark_results/simulated_data/results/data_type/no_cnv/0002/true_evo_events_genotypes_numeric	/raid/kang/DelSIEVE/simulation_results/IndelSIEVE_benchmark_pipeline_sa_105_doublet_1/benchmark_results/indelsieve/from_candidate/variant_calling/mt/no_cnv/smc_mudel_sa_stage_1/0002/indelsieve_median.genotypes	/raid/kang/DelSIEVE/simulation_results/IndelSIEVE_benchmark_pipeline_sa_105_doublet_1/benchmark_results/simulated_data/results/data_type/no_cnv/0002/true_evo_events_ternary_matrix	/raid/kang/DelSIEVE/simulation_results/IndelSIEVE_benchmark_pipeline_sa_105_doublet_1/benchmark_results/indelsieve/from_candidate/variant_calling/mt/no_cnv/smc_mudel_sa_stage_1/0002/indelsieve_median.ternary	/raid/kang/DelSIEVE/simulation_results/IndelSIEVE_benchmark_pipeline_sa_105_doublet_1/benchmark_results/indelsieve/from_candidate/variant_calling/mt/no_cnv/smc_mudel_sa_stage_1/0002/indelsieve_median.probs	8588	73	21431	1668	0.8373634945397815	0.9915714120771274	0.9079663794470582	0.0033947172619047	7942	43	23501	272	0.9668858047236426	0.994614902943018	0.9805543552071116	0.0018263676520557	7194	73	24207	284	0.9620219309975928	0.9899545892390256	0.9757884028484232	0.0030065897858319	397	12	31318	31	0.927570093457944	0.9706601466992664	0.948626045400239	0.0003830194701563	428	33	0	31	944	41	19408	47	0.9525731584258323	0.9583756345177664	0.0021080775361201	0.9554655870445344	23	0	20417	0	1.0	1.0	0.0	1.0	306	3	20129	2	0.9935064935064936	0.9902912621359224	0.0001490164911583	0.9918962722852512	613	40	19740	47	0.9287878787878788	0.9387442572741196	0.0020222446916076	0.9337395277989338	37	8	1	1	0	0	20440	0	NA	NA	0.0	NA
40	20	10	0.001999	0.3	8e-06	2e-06	0.0	0.02	0	0003	indelsieve	candidate_snvs	smc_mudel_sa_stage_1	mt	no_cnv	/raid/kang/DelSIEVE/simulation_results/IndelSIEVE_benchmark_pipeline_sa_105_doublet_1/benchmark_results/simulated_data/results/cell_names_dir/cell_names.0003	/raid/kang/DelSIEVE/simulation_results/IndelSIEVE_benchmark_pipeline_sa_105_doublet_1/benchmark_results/indelsieve/from_candidate/variant_calling/mt/no_cnv/smc_mudel_sa_stage_1/0003/indelsieve_median.cell_names	/raid/kang/DelSIEVE/simulation_results/IndelSIEVE_benchmark_pipeline_sa_105_doublet_1/benchmark_results/simulated_data/results/data_type/no_cnv/0003/true_evo_events_sites_names	/raid/kang/DelSIEVE/simulation_results/IndelSIEVE_benchmark_pipeline_sa_105_doublet_1/benchmark_results/indelsieve/from_candidate/variant_calling/mt/no_cnv/smc_mudel_sa_stage_1/0003/indelsieve_median.loci_info	/raid/kang/DelSIEVE/simulation_results/IndelSIEVE_benchmark_pipeline_sa_105_doublet_1/benchmark_results/simulated_data/results/data_type/no_cnv/0003/true_evo_events_genotypes_numeric	/raid/kang/DelSIEVE/simulation_results/IndelSIEVE_benchmark_pipeline_sa_105_doublet_1/benchmark_results/indelsieve/from_candidate/variant_calling/mt/no_cnv/smc_mudel_sa_stage_1/0003/indelsieve_median.genotypes	/raid/kang/DelSIEVE/simulation_results/IndelSIEVE_benchmark_pipeline_sa_105_doublet_1/benchmark_results/simulated_data/results/data_type/no_cnv/0003/true_evo_events_ternary_matrix	/raid/kang/DelSIEVE/simulation_results/IndelSIEVE_benchmark_pipeline_sa_105_doublet_1/benchmark_results/indelsieve/from_candidate/variant_calling/mt/no_cnv/smc_mudel_sa_stage_1/0003/indelsieve_median.ternary	/raid/kang/DelSIEVE/simulation_results/IndelSIEVE_benchmark_pipeline_sa_105_doublet_1/benchmark_results/indelsieve/from_candidate/variant_calling/mt/no_cnv/smc_mudel_sa_stage_1/0003/indelsieve_median.probs	7695	42	20135	1456	0.8408917058245	0.9945715393563396	0.9112979630506868	0.0020815780343955	7291	40	21686	304	0.9599736668861092	0.9945437184558724	0.976952967975345	0.0018411120316671	6740	71	22202	308	0.956299659477866	0.9895756863896638	0.9726531495778916	0.0031877160687828	341	3	28951	26	0.9291553133514986	0.9912790697674418	0.959212376933896	0.0001036126269254	367	35	1	25	572	10	17182	59	0.9064976228209192	0.9828178694158076	0.0005816658911121	0.943116240725474	0	0	17819	4	0.0	NA	0.0	NA	172	4	17639	8	0.9555555555555556	0.9772727272727272	0.0002267188119934	0.9662921348314608	395	11	17365	52	0.883668903803132	0.9729064039408868	0.0006330570902394	0.9261430246189918	48	4	7	0	0	0	17823	0	NA	NA	0.0	NA
40	20	10	0.001999	0.3	8e-06	2e-06	0.0	0.02	0	0004	indelsieve	candidate_snvs	smc_mudel_sa_stage_1	mt	no_cnv	/raid/kang/DelSIEVE/simulation_results/IndelSIEVE_benchmark_pipeline_sa_105_doublet_1/benchmark_results/simulated_data/results/cell_names_dir/cell_names.0004	/raid/kang/DelSIEVE/simulation_results/IndelSIEVE_benchmark_pipeline_sa_105_doublet_1/benchmark_results/indelsieve/from_candidate/variant_calling/mt/no_cnv/smc_mudel_sa_stage_1/0004/indelsieve_median.cell_names	/raid/kang/DelSIEVE/simulation_results/IndelSIEVE_benchmark_pipeline_sa_105_doublet_1/benchmark_results/simulated_data/results/data_type/no_cnv/0004/true_evo_events_sites_names	/raid/kang/DelSIEVE/simulation_results/IndelSIEVE_benchmark_pipeline_sa_105_doublet_1/benchmark_results/indelsieve/from_candidate/variant_calling/mt/no_cnv/smc_mudel_sa_stage_1/0004/indelsieve_median.loci_info	/raid/kang/DelSIEVE/simulation_results/IndelSIEVE_benchmark_pipeline_sa_105_doublet_1/benchmark_results/simulated_data/results/data_type/no_cnv/0004/true_evo_events_genotypes_numeric	/raid/kang/DelSIEVE/simulation_results/IndelSIEVE_benchmark_pipeline_sa_105_doublet_1/benchmark_results/indelsieve/from_candidate/variant_calling/mt/no_cnv/smc_mudel_sa_stage_1/0004/indelsieve_median.genotypes	/raid/kang/DelSIEVE/simulation_results/IndelSIEVE_benchmark_pipeline_sa_105_doublet_1/benchmark_results/simulated_data/results/data_type/no_cnv/0004/true_evo_events_ternary_matrix	/raid/kang/DelSIEVE/simulation_results/IndelSIEVE_benchmark_pipeline_sa_105_doublet_1/benchmark_results/indelsieve/from_candidate/variant_calling/mt/no_cnv/smc_mudel_sa_stage_1/0004/indelsieve_median.ternary	/raid/kang/DelSIEVE/simulation_results/IndelSIEVE_benchmark_pipeline_sa_105_doublet_1/benchmark_results/indelsieve/from_candidate/variant_calling/mt/no_cnv/smc_mudel_sa_stage_1/0004/indelsieve_median.probs	5972	49	22681	1638	0.7847568988173456	0.9918618169739246	0.8762379869415303	0.0021557413110426	5600	34	24367	335	0.9435551811288964	0.9939652112176074	0.9681044169764024	0.001393385516987	5298	63	24639	336	0.9403620873269436	0.9882484611080022	0.9637107776261936	0.0025504007772649	157	6	30152	21	0.8820224719101124	0.9631901840490796	0.9208211143695016	0.0001989521851581	178	30	1	20	478	19	17444	41	0.9210019267822736	0.9617706237424548	0.0010880146595659	0.9409448818897638	0	3	17977	2	0.0	0.0	0.000166852057842	NA	108	2	17857	15	0.8780487804878049	0.9818181818181818	0.0001119883532112	0.927038626609442	362	22	17566	32	0.9187817258883249	0.9427083333333334	0.0012508528542187	0.9305912596401028	28	2	11	0	0	0	17982	0	NA	NA	0.0	NA
40	20	10	0.001999	0.3	8e-06	2e-06	0.0	0.02	0	0005	indelsieve	candidate_snvs	smc_mudel_sa_stage_1	mt	no_cnv	/raid/kang/DelSIEVE/simulation_results/IndelSIEVE_benchmark_pipeline_sa_105_doublet_1/benchmark_results/simulated_data/results/cell_names_dir/cell_names.0005	/raid/kang/DelSIEVE/simulation_results/IndelSIEVE_benchmark_pipeline_sa_105_doublet_1/benchmark_results/indelsieve/from_candidate/variant_calling/mt/no_cnv/smc_mudel_sa_stage_1/0005/indelsieve_median.cell_names	/raid/kang/DelSIEVE/simulation_results/IndelSIEVE_benchmark_pipeline_sa_105_doublet_1/benchmark_results/simulated_data/results/data_type/no_cnv/0005/true_evo_events_sites_names	/raid/kang/DelSIEVE/simulation_results/IndelSIEVE_benchmark_pipeline_sa_105_doublet_1/benchmark_results/indelsieve/from_candidate/variant_calling/mt/no_cnv/smc_mudel_sa_stage_1/0005/indelsieve_median.loci_info	/raid/kang/DelSIEVE/simulation_results/IndelSIEVE_benchmark_pipeline_sa_105_doublet_1/benchmark_results/simulated_data/results/data_type/no_cnv/0005/true_evo_events_genotypes_numeric	/raid/kang/DelSIEVE/simulation_results/IndelSIEVE_benchmark_pipeline_sa_105_doublet_1/benchmark_results/indelsieve/from_candidate/variant_calling/mt/no_cnv/smc_mudel_sa_stage_1/0005/indelsieve_median.genotypes	/raid/kang/DelSIEVE/simulation_results/IndelSIEVE_benchmark_pipeline_sa_105_doublet_1/benchmark_results/simulated_data/results/data_type/no_cnv/0005/true_evo_events_ternary_matrix	/raid/kang/DelSIEVE/simulation_results/IndelSIEVE_benchmark_pipeline_sa_105_doublet_1/benchmark_results/indelsieve/from_candidate/variant_calling/mt/no_cnv/smc_mudel_sa_stage_1/0005/indelsieve_median.ternary	/raid/kang/DelSIEVE/simulation_results/IndelSIEVE_benchmark_pipeline_sa_105_doublet_1/benchmark_results/indelsieve/from_candidate/variant_calling/mt/no_cnv/smc_mudel_sa_stage_1/0005/indelsieve_median.probs	4590	63	24013	934	0.8309196234612599	0.986460348162476	0.9020339982313058	0.0026167137398238	4257	46	24907	385	0.9170616113744076	0.9893097838717174	0.951816657350475	0.0018434657155452	4072	63	25063	397	0.9111658089057956	0.984764207980653	0.9465364946536494	0.0025073628910292	131	11	29439	14	0.903448275862069	0.9225352112676056	0.9128919860627176	0.0003735144312393	145	40	0	14	343	33	16930	54	0.8639798488664987	0.9122340425531916	0.0019454105995401	0.8874514877102199	3	3	17354	0	1.0	0.5	0.0001728409287319	0.6666666666666666	19	7	17325	9	0.6785714285714286	0.7307692307692307	0.0004038772213247	0.7037037037037038	312	32	16962	54	0.8524590163934426	0.9069767441860463	0.0018830175356008	0.8788732394366197	45	5	4	0	0	0	17360	0	NA	NA	0.0	NA
40	20	10	0.001999	0.3	8e-06	2e-06	0.0	0.02	0	0006	indelsieve	candidate_snvs	smc_mudel_sa_stage_1	mt	no_cnv	/raid/kang/DelSIEVE/simulation_results/IndelSIEVE_benchmark_pipeline_sa_105_doublet_1/benchmark_results/simulated_data/results/cell_names_dir/cell_names.0006	/raid/kang/DelSIEVE/simulation_results/IndelSIEVE_benchmark_pipeline_sa_105_doublet_1/benchmark_results/indelsieve/from_candidate/variant_calling/mt/no_cnv/smc_mudel_sa_stage_1/0006/indelsieve_median.cell_names	/raid/kang/DelSIEVE/simulation_results/IndelSIEVE_benchmark_pipeline_sa_105_doublet_1/benchmark_results/simulated_data/results/data_type/no_cnv/0006/true_evo_events_sites_names	/raid/kang/DelSIEVE/simulation_results/IndelSIEVE_benchmark_pipeline_sa_105_doublet_1/benchmark_results/indelsieve/from_candidate/variant_calling/mt/no_cnv/smc_mudel_sa_stage_1/0006/indelsieve_median.loci_info	/raid/kang/DelSIEVE/simulation_results/IndelSIEVE_benchmark_pipeline_sa_105_doublet_1/benchmark_results/simulated_data/results/data_type/no_cnv/0006/true_evo_events_genotypes_numeric	/raid/kang/DelSIEVE/simulation_results/IndelSIEVE_benchmark_pipeline_sa_105_doublet_1/benchmark_results/indelsieve/from_candidate/variant_calling/mt/no_cnv/smc_mudel_sa_stage_1/0006/indelsieve_median.genotypes	/raid/kang/DelSIEVE/simulation_results/IndelSIEVE_benchmark_pipeline_sa_105_doublet_1/benchmark_results/simulated_data/results/data_type/no_cnv/0006/true_evo_events_ternary_matrix	/raid/kang/DelSIEVE/simulation_results/IndelSIEVE_benchmark_pipeline_sa_105_doublet_1/benchmark_results/indelsieve/from_candidate/variant_calling/mt/no_cnv/smc_mudel_sa_stage_1/0006/indelsieve_median.ternary	/raid/kang/DelSIEVE/simulation_results/IndelSIEVE_benchmark_pipeline_sa_105_doublet_1/benchmark_results/indelsieve/from_candidate/variant_calling/mt/no_cnv/smc_mudel_sa_stage_1/0006/indelsieve_median.probs	5883	39	14662	1256	0.8240649950973525	0.9934143870314084	0.9008498583569404	0.0026528807564111	5403	40	16169	215	0.9617301530793876	0.9926511115193828	0.9769460265798752	0.0024677648220124	5015	76	16509	227	0.9566959175887066	0.985071695148301	0.9706764734346268	0.0045824540247211	212	14	21575	26	0.8907563025210085	0.9380530973451328	0.913793103448276	0.0006484783917735	238	34	0	26	599	6	14664	58	0.9117199391171994	0.9900826446280993	0.0004089979550102	0.9492868462757528	3	3	15317	4	0.4285714285714285	0.5	0.000195822454308	0.4615384615384615	123	3	15186	15	0.8913043478260869	0.9761904761904762	0.000197511356903	0.9318181818181818	464	9	14806	48	0.90625	0.9809725158562368	0.0006074924063449	0.9421319796954314	42	4	12	0	0	0	15327	0	NA	NA	0.0	NA
40	20	10	0.001999	0.3	8e-06	2e-06	0.0	0.02	0	0007	indelsieve	candidate_snvs	smc_mudel_sa_stage_1	mt	no_cnv	/raid/kang/DelSIEVE/simulation_results/IndelSIEVE_benchmark_pipeline_sa_105_doublet_1/benchmark_results/simulated_data/results/cell_names_dir/cell_names.0007	/raid/kang/DelSIEVE/simulation_results/IndelSIEVE_benchmark_pipeline_sa_105_doublet_1/benchmark_results/indelsieve/from_candidate/variant_calling/mt/no_cnv/smc_mudel_sa_stage_1/0007/indelsieve_median.cell_names	/raid/kang/DelSIEVE/simulation_results/IndelSIEVE_benchmark_pipeline_sa_105_doublet_1/benchmark_results/simulated_data/results/data_type/no_cnv/0007/true_evo_events_sites_names	/raid/kang/DelSIEVE/simulation_results/IndelSIEVE_benchmark_pipeline_sa_105_doublet_1/benchmark_results/indelsieve/from_candidate/variant_calling/mt/no_cnv/smc_mudel_sa_stage_1/0007/indelsieve_median.loci_info	/raid/kang/DelSIEVE/simulation_results/IndelSIEVE_benchmark_pipeline_sa_105_doublet_1/benchmark_results/simulated_data/results/data_type/no_cnv/0007/true_evo_events_genotypes_numeric	/raid/kang/DelSIEVE/simulation_results/IndelSIEVE_benchmark_pipeline_sa_105_doublet_1/benchmark_results/indelsieve/from_candidate/variant_calling/mt/no_cnv/smc_mudel_sa_stage_1/0007/indelsieve_median.genotypes	/raid/kang/DelSIEVE/simulation_results/IndelSIEVE_benchmark_pipeline_sa_105_doublet_1/benchmark_results/simulated_data/results/data_type/no_cnv/0007/true_evo_events_ternary_matrix	/raid/kang/DelSIEVE/simulation_results/IndelSIEVE_benchmark_pipeline_sa_105_doublet_1/benchmark_results/indelsieve/from_candidate/variant_calling/mt/no_cnv/smc_mudel_sa_stage_1/0007/indelsieve_median.ternary	/raid/kang/DelSIEVE/simulation_results/IndelSIEVE_benchmark_pipeline_sa_105_doublet_1/benchmark_results/indelsieve/from_candidate/variant_calling/mt/no_cnv/smc_mudel_sa_stage_1/0007/indelsieve_median.probs	5438	103	23751	1298	0.8073040380047506	0.9814112975997112	0.8858841736580598	0.0043179340991028	4996	79	25214	299	0.9435316336166194	0.984433497536946	0.9635486981677918	0.0031233938243782	4789	104	25393	302	0.94067963072088	0.9787451461271204	0.959334935897436	0.0040789112444601	113	3	30449	23	0.8308823529411765	0.9741379310344828	0.8968253968253969	9.851569683436228e-05	136	75	3	20	494	38	18265	51	0.906422018348624	0.9285714285714286	0.0020761623777522	0.9173630454967504	0	3	18845	0	NA	0.0	0.000159168081494	NA	58	8	18772	10	0.8529411764705882	0.8787878787878788	0.0004259850905218	0.8656716417910447	428	35	18336	49	0.8972746331236897	0.9244060475161988	0.001905176637091	0.9106382978723404	42	2	7	0	0	0	18848	0	NA	NA	0.0	NA
40	20	10	0.001999	0.3	8e-06	2e-06	0.0	0.02	0	0008	indelsieve	candidate_snvs	smc_mudel_sa_stage_1	mt	no_cnv	/raid/kang/DelSIEVE/simulation_results/IndelSIEVE_benchmark_pipeline_sa_105_doublet_1/benchmark_results/simulated_data/results/cell_names_dir/cell_names.0008	/raid/kang/DelSIEVE/simulation_results/IndelSIEVE_benchmark_pipeline_sa_105_doublet_1/benchmark_results/indelsieve/from_candidate/variant_calling/mt/no_cnv/smc_mudel_sa_stage_1/0008/indelsieve_median.cell_names	/raid/kang/DelSIEVE/simulation_results/IndelSIEVE_benchmark_pipeline_sa_105_doublet_1/benchmark_results/simulated_data/results/data_type/no_cnv/0008/true_evo_events_sites_names	/raid/kang/DelSIEVE/simulation_results/IndelSIEVE_benchmark_pipeline_sa_105_doublet_1/benchmark_results/indelsieve/from_candidate/variant_calling/mt/no_cnv/smc_mudel_sa_stage_1/0008/indelsieve_median.loci_info	/raid/kang/DelSIEVE/simulation_results/IndelSIEVE_benchmark_pipeline_sa_105_doublet_1/benchmark_results/simulated_data/results/data_type/no_cnv/0008/true_evo_events_genotypes_numeric	/raid/kang/DelSIEVE/simulation_results/IndelSIEVE_benchmark_pipeline_sa_105_doublet_1/benchmark_results/indelsieve/from_candidate/variant_calling/mt/no_cnv/smc_mudel_sa_stage_1/0008/indelsieve_median.genotypes	/raid/kang/DelSIEVE/simulation_results/IndelSIEVE_benchmark_pipeline_sa_105_doublet_1/benchmark_results/simulated_data/results/data_type/no_cnv/0008/true_evo_events_ternary_matrix	/raid/kang/DelSIEVE/simulation_results/IndelSIEVE_benchmark_pipeline_sa_105_doublet_1/benchmark_results/indelsieve/from_candidate/variant_calling/mt/no_cnv/smc_mudel_sa_stage_1/0008/indelsieve_median.ternary	/raid/kang/DelSIEVE/simulation_results/IndelSIEVE_benchmark_pipeline_sa_105_doublet_1/benchmark_results/indelsieve/from_candidate/variant_calling/mt/no_cnv/smc_mudel_sa_stage_1/0008/indelsieve_median.probs	8039	29	22792	1860	0.8121022325487423	0.99640555280119	0.8948628040296097	0.0012707593882827	7527	43	24791	341	0.95665988815455	0.9943196829590488	0.9751263116984064	0.0017314971410163	7126	73	25158	345	0.9538214429125954	0.9898597027364912	0.9715064758009544	0.002893266220126	281	9	32384	28	0.9093851132686084	0.9689655172413794	0.9382303839732888	0.0002778378044639	309	28	2	26	577	2	18650	51	0.9187898089171974	0.996545768566494	0.0001072271070126	0.956089478044739	0	4	19274	2	0.0	0.0	0.0002074904035688	NA	79	2	19190	9	0.8977272727272727	0.9753086419753086	0.0001042100875364	0.9349112426035502	487	7	18735	51	0.9052044609665428	0.98582995951417	0.0003734926902144	0.943798449612403	32	13	6	0	0	0	19280	0	NA	NA	0.0	NA
40	20	10	0.001999	0.3	8e-06	2e-06	0.0	0.02	0	0009	indelsieve	candidate_snvs	smc_mudel_sa_stage_1	mt	no_cnv	/raid/kang/DelSIEVE/simulation_results/IndelSIEVE_benchmark_pipeline_sa_105_doublet_1/benchmark_results/simulated_data/results/cell_names_dir/cell_names.0009	/raid/kang/DelSIEVE/simulation_results/IndelSIEVE_benchmark_pipeline_sa_105_doublet_1/benchmark_results/indelsieve/from_candidate/variant_calling/mt/no_cnv/smc_mudel_sa_stage_1/0009/indelsieve_mode_gaussian.cell_names	/raid/kang/DelSIEVE/simulation_results/IndelSIEVE_benchmark_pipeline_sa_105_doublet_1/benchmark_results/simulated_data/results/data_type/no_cnv/0009/true_evo_events_sites_names	/raid/kang/DelSIEVE/simulation_results/IndelSIEVE_benchmark_pipeline_sa_105_doublet_1/benchmark_results/indelsieve/from_candidate/variant_calling/mt/no_cnv/smc_mudel_sa_stage_1/0009/indelsieve_mode_gaussian.loci_info	/raid/kang/DelSIEVE/simulation_results/IndelSIEVE_benchmark_pipeline_sa_105_doublet_1/benchmark_results/simulated_data/results/data_type/no_cnv/0009/true_evo_events_genotypes_numeric	/raid/kang/DelSIEVE/simulation_results/IndelSIEVE_benchmark_pipeline_sa_105_doublet_1/benchmark_results/indelsieve/from_candidate/variant_calling/mt/no_cnv/smc_mudel_sa_stage_1/0009/indelsieve_mode_gaussian.genotypes	/raid/kang/DelSIEVE/simulation_results/IndelSIEVE_benchmark_pipeline_sa_105_doublet_1/benchmark_results/simulated_data/results/data_type/no_cnv/0009/true_evo_events_ternary_matrix	/raid/kang/DelSIEVE/simulation_results/IndelSIEVE_benchmark_pipeline_sa_105_doublet_1/benchmark_results/indelsieve/from_candidate/variant_calling/mt/no_cnv/smc_mudel_sa_stage_1/0009/indelsieve_mode_gaussian.ternary	/raid/kang/DelSIEVE/simulation_results/IndelSIEVE_benchmark_pipeline_sa_105_doublet_1/benchmark_results/indelsieve/from_candidate/variant_calling/mt/no_cnv/smc_mudel_sa_stage_1/0009/indelsieve_mode_gaussian.probs	5352	41	24839	1787	0.7496848298080964	0.9923975523827184	0.8541334184487711	0.0016479099678456	5157	44	26330	481	0.91468605888613	0.99154008844453	0.951563797398284	0.0016683096989459	4798	73	26659	482	0.9087121212121212	0.9850133442824882	0.9453255836863362	0.0027308095166841	161	6	31821	24	0.8702702702702703	0.9640718562874252	0.9147727272727274	0.0001885191818267	185	36	1	23	348	7	13518	50	0.8743718592964824	0.9802816901408452	0.0005175600739371	0.9243027888446216	0	4	13916	3	0.0	0.0	0.000287356321839	NA	159	4	13746	14	0.9190751445086706	0.9754601226993864	0.000290909090909	0.9464285714285716	181	7	13694	41	0.8153153153153153	0.9627659574468084	0.000510911612291	0.8829268292682926	36	4	10	0	0	0	13923	0	NA	NA	0.0	NA
40	20	10	0.001999	0.3	8e-06	2e-06	0.0	0.02	0	0010	indelsieve	candidate_snvs	smc_mudel_sa_stage_1	mt	no_cnv	/raid/kang/DelSIEVE/simulation_results/IndelSIEVE_benchmark_pipeline_sa_105_doublet_1/benchmark_results/simulated_data/results/cell_names_dir/cell_names.0010	/raid/kang/DelSIEVE/simulation_results/IndelSIEVE_benchmark_pipeline_sa_105_doublet_1/benchmark_results/indelsieve/from_candidate/variant_calling/mt/no_cnv/smc_mudel_sa_stage_1/0010/indelsieve_median.cell_names	/raid/kang/DelSIEVE/simulation_results/IndelSIEVE_benchmark_pipeline_sa_105_doublet_1/benchmark_results/simulated_data/results/data_type/no_cnv/0010/true_evo_events_sites_names	/raid/kang/DelSIEVE/simulation_results/IndelSIEVE_benchmark_pipeline_sa_105_doublet_1/benchmark_results/indelsieve/from_candidate/variant_calling/mt/no_cnv/smc_mudel_sa_stage_1/0010/indelsieve_median.loci_info	/raid/kang/DelSIEVE/simulation_results/IndelSIEVE_benchmark_pipeline_sa_105_doublet_1/benchmark_results/simulated_data/results/data_type/no_cnv/0010/true_evo_events_genotypes_numeric	/raid/kang/DelSIEVE/simulation_results/IndelSIEVE_benchmark_pipeline_sa_105_doublet_1/benchmark_results/indelsieve/from_candidate/variant_calling/mt/no_cnv/smc_mudel_sa_stage_1/0010/indelsieve_median.genotypes	/raid/kang/DelSIEVE/simulation_results/IndelSIEVE_benchmark_pipeline_sa_105_doublet_1/benchmark_results/simulated_data/results/data_type/no_cnv/0010/true_evo_events_ternary_matrix	/raid/kang/DelSIEVE/simulation_results/IndelSIEVE_benchmark_pipeline_sa_105_doublet_1/benchmark_results/indelsieve/from_candidate/variant_calling/mt/no_cnv/smc_mudel_sa_stage_1/0010/indelsieve_median.ternary	/raid/kang/DelSIEVE/simulation_results/IndelSIEVE_benchmark_pipeline_sa_105_doublet_1/benchmark_results/indelsieve/from_candidate/variant_calling/mt/no_cnv/smc_mudel_sa_stage_1/0010/indelsieve_median.probs	4407	71	24157	1483	0.7482173174872666	0.9841447074586868	0.8501157407407407	0.002930493643718	4265	60	25356	434	0.9076399233879549	0.9861271676300578	0.9452570921985816	0.002360717658168	4051	85	25541	438	0.9024281577188684	0.9794487427466152	0.9393623188405796	0.0033169437290252	83	6	30001	25	0.7685185185185185	0.9325842696629212	0.8426395939086294	0.0001999533442196	108	55	2	23	236	17	14220	31	0.8838951310861424	0.932806324110672	0.0011940717847861	0.9076923076923076	0	0	14504	0	NA	NA	0.0	NA	98	2	14400	4	0.9607843137254902	0.98	0.0001388696014442	0.9702970297029702	136	17	14322	29	0.8242424242424242	0.8888888888888888	0.0011855777948253	0.8553459119496855	24	4	3	0	0	0	14504	0	NA	NA	0.0	NA
40	20	10	0.001999	0.3	8e-06	2e-06	0.0	0.02	0	0001	indelsieve	candidate_snvs	smc_mudel_sa_stage_1-smc_mudel_sa_stage_2	mt	no_cnv	/raid/kang/DelSIEVE/simulation_results/IndelSIEVE_benchmark_pipeline_sa_105_doublet_1/benchmark_results/simulated_data/results/cell_names_dir/cell_names.0001	/raid/kang/DelSIEVE/simulation_results/IndelSIEVE_benchmark_pipeline_sa_105_doublet_1/benchmark_results/indelsieve/from_candidate/variant_calling/stage2/mt/no_cnv/smc_mudel_sa_stage_1-smc_mudel_sa_stage_2/0001/indelsieve_median.cell_names	/raid/kang/DelSIEVE/simulation_results/IndelSIEVE_benchmark_pipeline_sa_105_doublet_1/benchmark_results/simulated_data/results/data_type/no_cnv/0001/true_evo_events_sites_names	/raid/kang/DelSIEVE/simulation_results/IndelSIEVE_benchmark_pipeline_sa_105_doublet_1/benchmark_results/indelsieve/from_candidate/variant_calling/stage2/mt/no_cnv/smc_mudel_sa_stage_1-smc_mudel_sa_stage_2/0001/indelsieve_median.loci_info	/raid/kang/DelSIEVE/simulation_results/IndelSIEVE_benchmark_pipeline_sa_105_doublet_1/benchmark_results/simulated_data/results/data_type/no_cnv/0001/true_evo_events_genotypes_numeric	/raid/kang/DelSIEVE/simulation_results/IndelSIEVE_benchmark_pipeline_sa_105_doublet_1/benchmark_results/indelsieve/from_candidate/variant_calling/stage2/mt/no_cnv/smc_mudel_sa_stage_1-smc_mudel_sa_stage_2/0001/indelsieve_median.genotypes	/raid/kang/DelSIEVE/simulation_results/IndelSIEVE_benchmark_pipeline_sa_105_doublet_1/benchmark_results/simulated_data/results/data_type/no_cnv/0001/true_evo_events_ternary_matrix	/raid/kang/DelSIEVE/simulation_results/IndelSIEVE_benchmark_pipeline_sa_105_doublet_1/benchmark_results/indelsieve/from_candidate/variant_calling/stage2/mt/no_cnv/smc_mudel_sa_stage_1-smc_mudel_sa_stage_2/0001/indelsieve_median.ternary	/raid/kang/DelSIEVE/simulation_results/IndelSIEVE_benchmark_pipeline_sa_105_doublet_1/benchmark_results/indelsieve/from_candidate/variant_calling/stage2/mt/no_cnv/smc_mudel_sa_stage_1-smc_mudel_sa_stage_2/0001/indelsieve_median.probs	6799	69	20224	1534	0.8159126365054602	0.9899534071054163	0.8945464114203013	0.0034001872566894	6257	68	22006	287	0.9561430317848412	0.9892490118577076	0.9724143290076928	0.0030805472501585	5826	106	22401	285	0.9533627884143347	0.9821308159136884	0.9675330067258988	0.0047096458879459	236	0	28346	36	0.8676470588235294	1.0	0.9291338582677166	0.0	272	55	4	32	684	16	17412	62	0.9168900804289544	0.9771428571428572	0.0009180628873077	0.9460580912863068	0	0	18173	1	0.0	NA	0.0	NA	152	5	18008	9	0.9440993788819876	0.9681528662420382	0.0002775773052795	0.9559748427672956	528	15	17575	56	0.9041095890410958	0.9723756906077348	0.0008527572484366	0.9370008873114464	43	10	9	0	0	0	18174	0	NA	NA	0.0	NA
40	20	10	0.001999	0.3	8e-06	2e-06	0.0	0.02	0	0002	indelsieve	candidate_snvs	smc_mudel_sa_stage_1-smc_mudel_sa_stage_2	mt	no_cnv	/raid/kang/DelSIEVE/simulation_results/IndelSIEVE_benchmark_pipeline_sa_105_doublet_1/benchmark_results/simulated_data/results/cell_names_dir/cell_names.0002	/raid/kang/DelSIEVE/simulation_results/IndelSIEVE_benchmark_pipeline_sa_105_doublet_1/benchmark_results/indelsieve/from_candidate/variant_calling/stage2/mt/no_cnv/smc_mudel_sa_stage_1-smc_mudel_sa_stage_2/0002/indelsieve_median.cell_names	/raid/kang/DelSIEVE/simulation_results/IndelSIEVE_benchmark_pipeline_sa_105_doublet_1/benchmark_results/simulated_data/results/data_type/no_cnv/0002/true_evo_events_sites_names	/raid/kang/DelSIEVE/simulation_results/IndelSIEVE_benchmark_pipeline_sa_105_doublet_1/benchmark_results/indelsieve/from_candidate/variant_calling/stage2/mt/no_cnv/smc_mudel_sa_stage_1-smc_mudel_sa_stage_2/0002/indelsieve_median.loci_info	/raid/kang/DelSIEVE/simulation_results/IndelSIEVE_benchmark_pipeline_sa_105_doublet_1/benchmark_results/simulated_data/results/data_type/no_cnv/0002/true_evo_events_genotypes_numeric	/raid/kang/DelSIEVE/simulation_results/IndelSIEVE_benchmark_pipeline_sa_105_doublet_1/benchmark_results/indelsieve/from_candidate/variant_calling/stage2/mt/no_cnv/smc_mudel_sa_stage_1-smc_mudel_sa_stage_2/0002/indelsieve_median.genotypes	/raid/kang/DelSIEVE/simulation_results/IndelSIEVE_benchmark_pipeline_sa_105_doublet_1/benchmark_results/simulated_data/results/data_type/no_cnv/0002/true_evo_events_ternary_matrix	/raid/kang/DelSIEVE/simulation_results/IndelSIEVE_benchmark_pipeline_sa_105_doublet_1/benchmark_results/indelsieve/from_candidate/variant_calling/stage2/mt/no_cnv/smc_mudel_sa_stage_1-smc_mudel_sa_stage_2/0002/indelsieve_median.ternary	/raid/kang/DelSIEVE/simulation_results/IndelSIEVE_benchmark_pipeline_sa_105_doublet_1/benchmark_results/indelsieve/from_candidate/variant_calling/stage2/mt/no_cnv/smc_mudel_sa_stage_1-smc_mudel_sa_stage_2/0002/indelsieve_median.probs	8603	67	21437	1653	0.8388260530421217	0.9922722029988466	0.9091197294726828	0.0031156994047619	7957	55	23489	257	0.9687119551984416	0.9931352970544184	0.9807716011339824	0.0023360516479782	7214	94	24186	264	0.9646964428991708	0.987137383689108	0.9757879074800486	0.0038714991762767	388	7	31323	40	0.9065420560747663	0.9822784810126582	0.9428918590522478	0.0002234280242578	428	45	0	40	944	23	19426	47	0.9525731584258323	0.9762150982419856	0.0011825800812381	0.9642492339121552	23	0	20417	0	1.0	1.0	0.0	1.0	306	3	20129	2	0.9935064935064936	0.9902912621359224	0.0001490164911583	0.9918962722852512	613	22	19758	47	0.9287878787878788	0.9653543307086614	0.0011122345803842	0.9467181467181468	37	8	1	1	0	0	20440	0	NA	NA	0.0	NA
40	20	10	0.001999	0.3	8e-06	2e-06	0.0	0.02	0	0003	indelsieve	candidate_snvs	smc_mudel_sa_stage_1-smc_mudel_sa_stage_2	mt	no_cnv	/raid/kang/DelSIEVE/simulation_results/IndelSIEVE_benchmark_pipeline_sa_105_doublet_1/benchmark_results/simulated_data/results/cell_names_dir/cell_names.0003	/raid/kang/DelSIEVE/simulation_results/IndelSIEVE_benchmark_pipeline_sa_105_doublet_1/benchmark_results/indelsieve/from_candidate/variant_calling/stage2/mt/no_cnv/smc_mudel_sa_stage_1-smc_mudel_sa_stage_2/0003/indelsieve_median.cell_names	/raid/kang/DelSIEVE/simulation_results/IndelSIEVE_benchmark_pipeline_sa_105_doublet_1/benchmark_results/simulated_data/results/data_type/no_cnv/0003/true_evo_events_sites_names	/raid/kang/DelSIEVE/simulation_results/IndelSIEVE_benchmark_pipeline_sa_105_doublet_1/benchmark_results/indelsieve/from_candidate/variant_calling/stage2/mt/no_cnv/smc_mudel_sa_stage_1-smc_mudel_sa_stage_2/0003/indelsieve_median.loci_info	/raid/kang/DelSIEVE/simulation_results/IndelSIEVE_benchmark_pipeline_sa_105_doublet_1/benchmark_results/simulated_data/results/data_type/no_cnv/0003/true_evo_events_genotypes_numeric	/raid/kang/DelSIEVE/simulation_results/IndelSIEVE_benchmark_pipeline_sa_105_doublet_1/benchmark_results/indelsieve/from_candidate/variant_calling/stage2/mt/no_cnv/smc_mudel_sa_stage_1-smc_mudel_sa_stage_2/0003/indelsieve_median.genotypes	/raid/kang/DelSIEVE/simulation_results/IndelSIEVE_benchmark_pipeline_sa_105_doublet_1/benchmark_results/simulated_data/results/data_type/no_cnv/0003/true_evo_events_ternary_matrix	/raid/kang/DelSIEVE/simulation_results/IndelSIEVE_benchmark_pipeline_sa_105_doublet_1/benchmark_results/indelsieve/from_candidate/variant_calling/stage2/mt/no_cnv/smc_mudel_sa_stage_1-smc_mudel_sa_stage_2/0003/indelsieve_median.ternary	/raid/kang/DelSIEVE/simulation_results/IndelSIEVE_benchmark_pipeline_sa_105_doublet_1/benchmark_results/indelsieve/from_candidate/variant_calling/stage2/mt/no_cnv/smc_mudel_sa_stage_1-smc_mudel_sa_stage_2/0003/indelsieve_median.probs	7698	45	20132	1453	0.8412195388482133	0.9941882991088724	0.9113294660826328	0.0022302621797095	7297	43	21683	298	0.9607636603028308	0.994141689373297	0.9771677268162036	0.0019791954340421	6748	79	22196	298	0.9577065001419244	0.9884282993994434	0.9728249116989836	0.0035465768799102	338	2	28950	31	0.9159891598915988	0.9941176470588236	0.9534555712270804	6.907985631389887e-05	369	38	1	30	569	7	17185	62	0.901743264659271	0.9878472222222222	0.0004071661237785	0.9428334714167358	0	0	17819	4	0.0	NA	0.0	NA	172	1	17642	8	0.9555555555555556	0.9942196531791908	5.667970299835629e-05	0.9745042492917848	392	11	17365	55	0.8769574944071589	0.9727047146401984	0.0006330570902394	0.9223529411764706	51	4	7	0	0	0	17823	0	NA	NA	0.0	NA
40	20	10	0.001999	0.3	8e-06	2e-06	0.0	0.02	0	0004	indelsieve	candidate_snvs	smc_mudel_sa_stage_1-smc_mudel_sa_stage_2	mt	no_cnv	/raid/kang/DelSIEVE/simulation_results/IndelSIEVE_benchmark_pipeline_sa_105_doublet_1/benchmark_results/simulated_data/results/cell_names_dir/cell_names.0004	/raid/kang/DelSIEVE/simulation_results/IndelSIEVE_benchmark_pipeline_sa_105_doublet_1/benchmark_results/indelsieve/from_candidate/variant_calling/stage2/mt/no_cnv/smc_mudel_sa_stage_1-smc_mudel_sa_stage_2/0004/indelsieve_median.cell_names	/raid/kang/DelSIEVE/simulation_results/IndelSIEVE_benchmark_pipeline_sa_105_doublet_1/benchmark_results/simulated_data/results/data_type/no_cnv/0004/true_evo_events_sites_names	/raid/kang/DelSIEVE/simulation_results/IndelSIEVE_benchmark_pipeline_sa_105_doublet_1/benchmark_results/indelsieve/from_candidate/variant_calling/stage2/mt/no_cnv/smc_mudel_sa_stage_1-smc_mudel_sa_stage_2/0004/indelsieve_median.loci_info	/raid/kang/DelSIEVE/simulation_results/IndelSIEVE_benchmark_pipeline_sa_105_doublet_1/benchmark_results/simulated_data/results/data_type/no_cnv/0004/true_evo_events_genotypes_numeric	/raid/kang/DelSIEVE/simulation_results/IndelSIEVE_benchmark_pipeline_sa_105_doublet_1/benchmark_results/indelsieve/from_candidate/variant_calling/stage2/mt/no_cnv/smc_mudel_sa_stage_1-smc_mudel_sa_stage_2/0004/indelsieve_median.genotypes	/raid/kang/DelSIEVE/simulation_results/IndelSIEVE_benchmark_pipeline_sa_105_doublet_1/benchmark_results/simulated_data/results/data_type/no_cnv/0004/true_evo_events_ternary_matrix	/raid/kang/DelSIEVE/simulation_results/IndelSIEVE_benchmark_pipeline_sa_105_doublet_1/benchmark_results/indelsieve/from_candidate/variant_calling/stage2/mt/no_cnv/smc_mudel_sa_stage_1-smc_mudel_sa_stage_2/0004/indelsieve_median.ternary	/raid/kang/DelSIEVE/simulation_results/IndelSIEVE_benchmark_pipeline_sa_105_doublet_1/benchmark_results/indelsieve/from_candidate/variant_calling/stage2/mt/no_cnv/smc_mudel_sa_stage_1-smc_mudel_sa_stage_2/0004/indelsieve_median.probs	5977	59	22671	1633	0.7854139290407359	0.9902253147779988	0.8760076212809615	0.0025956885173779	5606	61	24340	329	0.9445661331086772	0.9892359272983942	0.966385106016204	0.0024998975451825	5305	103	24599	329	0.9416045438409656	0.9809541420118344	0.9608766527802934	0.0041697028580681	146	2	30156	32	0.8202247191011236	0.9864864864864864	0.8957055214723927	6.631739505272233e-05	178	50	1	31	471	9	17454	48	0.907514450867052	0.98125	0.0005153753650575	0.9429429429429428	0	0	17980	2	0.0	NA	0.0	NA	109	2	17857	14	0.8861788617886179	0.981981981981982	0.0001119883532112	0.9316239316239316	357	12	17576	37	0.9060913705583756	0.967479674796748	0.0006822833750284	0.9357798165137616	26	9	13	0	0	0	17982	0	NA	NA	0.0	NA
40	20	10	0.001999	0.3	8e-06	2e-06	0.0	0.02	0	0005	indelsieve	candidate_snvs	smc_mudel_sa_stage_1-smc_mudel_sa_stage_2	mt	no_cnv	/raid/kang/DelSIEVE/simulation_results/IndelSIEVE_benchmark_pipeline_sa_105_doublet_1/benchmark_results/simulated_data/results/cell_names_dir/cell_names.0005	/raid/kang/DelSIEVE/simulation_results/IndelSIEVE_benchmark_pipeline_sa_105_doublet_1/benchmark_results/indelsieve/from_candidate/variant_calling/stage2/mt/no_cnv/smc_mudel_sa_stage_1-smc_mudel_sa_stage_2/0005/indelsieve_median.cell_names	/raid/kang/DelSIEVE/simulation_results/IndelSIEVE_benchmark_pipeline_sa_105_doublet_1/benchmark_results/simulated_data/results/data_type/no_cnv/0005/true_evo_events_sites_names	/raid/kang/DelSIEVE/simulation_results/IndelSIEVE_benchmark_pipeline_sa_105_doublet_1/benchmark_results/indelsieve/from_candidate/variant_calling/stage2/mt/no_cnv/smc_mudel_sa_stage_1-smc_mudel_sa_stage_2/0005/indelsieve_median.loci_info	/raid/kang/DelSIEVE/simulation_results/IndelSIEVE_benchmark_pipeline_sa_105_doublet_1/benchmark_results/simulated_data/results/data_type/no_cnv/0005/true_evo_events_genotypes_numeric	/raid/kang/DelSIEVE/simulation_results/IndelSIEVE_benchmark_pipeline_sa_105_doublet_1/benchmark_results/indelsieve/from_candidate/variant_calling/stage2/mt/no_cnv/smc_mudel_sa_stage_1-smc_mudel_sa_stage_2/0005/indelsieve_median.genotypes	/raid/kang/DelSIEVE/simulation_results/IndelSIEVE_benchmark_pipeline_sa_105_doublet_1/benchmark_results/simulated_data/results/data_type/no_cnv/0005/true_evo_events_ternary_matrix	/raid/kang/DelSIEVE/simulation_results/IndelSIEVE_benchmark_pipeline_sa_105_doublet_1/benchmark_results/indelsieve/from_candidate/variant_calling/stage2/mt/no_cnv/smc_mudel_sa_stage_1-smc_mudel_sa_stage_2/0005/indelsieve_median.ternary	/raid/kang/DelSIEVE/simulation_results/IndelSIEVE_benchmark_pipeline_sa_105_doublet_1/benchmark_results/indelsieve/from_candidate/variant_calling/stage2/mt/no_cnv/smc_mudel_sa_stage_1-smc_mudel_sa_stage_2/0005/indelsieve_median.probs	4583	48	24028	941	0.8296524257784215	0.989635068019866	0.9026095519448548	0.0019936866589134	4264	50	24903	378	0.918569582076691	0.9884098284654612	0.9522108083966055	0.0020037670821143	4090	76	25050	379	0.9151935556052808	0.9817570811329812	0.9473074696004632	0.0030247552336225	122	0	29450	23	0.8413793103448276	1.0	0.9138576779026216	0.0	145	44	0	23	332	11	16952	65	0.836272040302267	0.967930029154519	0.0006484701998467	0.8972972972972973	0	0	17357	3	0.0	NA	0.0	NA	19	7	17325	9	0.6785714285714286	0.7307692307692307	0.0004038772213247	0.7037037037037038	304	13	16981	62	0.8306010928961749	0.9589905362776026	0.0007649758738378	0.890190336749634	56	5	4	0	0	0	17360	0	NA	NA	0.0	NA
40	20	10	0.001999	0.3	8e-06	2e-06	0.0	0.02	0	0006	indelsieve	candidate_snvs	smc_mudel_sa_stage_1-smc_mudel_sa_stage_2	mt	no_cnv	/raid/kang/DelSIEVE/simulation_results/IndelSIEVE_benchmark_pipeline_sa_105_doublet_1/benchmark_results/simulated_data/results/cell_names_dir/cell_names.0006	/raid/kang/DelSIEVE/simulation_results/IndelSIEVE_benchmark_pipeline_sa_105_doublet_1/benchmark_results/indelsieve/from_candidate/variant_calling/stage2/mt/no_cnv/smc_mudel_sa_stage_1-smc_mudel_sa_stage_2/0006/indelsieve_median.cell_names	/raid/kang/DelSIEVE/simulation_results/IndelSIEVE_benchmark_pipeline_sa_105_doublet_1/benchmark_results/simulated_data/results/data_type/no_cnv/0006/true_evo_events_sites_names	/raid/kang/DelSIEVE/simulation_results/IndelSIEVE_benchmark_pipeline_sa_105_doublet_1/benchmark_results/indelsieve/from_candidate/variant_calling/stage2/mt/no_cnv/smc_mudel_sa_stage_1-smc_mudel_sa_stage_2/0006/indelsieve_median.loci_info	/raid/kang/DelSIEVE/simulation_results/IndelSIEVE_benchmark_pipeline_sa_105_doublet_1/benchmark_results/simulated_data/results/data_type/no_cnv/0006/true_evo_events_genotypes_numeric	/raid/kang/DelSIEVE/simulation_results/IndelSIEVE_benchmark_pipeline_sa_105_doublet_1/benchmark_results/indelsieve/from_candidate/variant_calling/stage2/mt/no_cnv/smc_mudel_sa_stage_1-smc_mudel_sa_stage_2/0006/indelsieve_median.genotypes	/raid/kang/DelSIEVE/simulation_results/IndelSIEVE_benchmark_pipeline_sa_105_doublet_1/benchmark_results/simulated_data/results/data_type/no_cnv/0006/true_evo_events_ternary_matrix	/raid/kang/DelSIEVE/simulation_results/IndelSIEVE_benchmark_pipeline_sa_105_doublet_1/benchmark_results/indelsieve/from_candidate/variant_calling/stage2/mt/no_cnv/smc_mudel_sa_stage_1-smc_mudel_sa_stage_2/0006/indelsieve_median.ternary	/raid/kang/DelSIEVE/simulation_results/IndelSIEVE_benchmark_pipeline_sa_105_doublet_1/benchmark_results/indelsieve/from_candidate/variant_calling/stage2/mt/no_cnv/smc_mudel_sa_stage_1-smc_mudel_sa_stage_2/0006/indelsieve_median.probs	5876	67	14634	1263	0.8230844656114302	0.9887262325424868	0.8983335881363705	0.0045575130943473	5409	68	16141	209	0.9627981488074048	0.9875844440387074	0.9750337990085624	0.0041952001974211	5023	119	16466	219	0.9582220526516596	0.9768572539867756	0.9674499229583976	0.0071751582755501	204	10	21579	34	0.8571428571428571	0.9532710280373832	0.9026548672566372	0.0004631988512668	238	62	0	34	582	5	14665	75	0.8858447488584474	0.9914821124361158	0.0003408316291751	0.9356913183279744	0	0	15320	7	0.0	NA	0.0	NA	119	2	15187	19	0.8623188405797102	0.9834710743801652	0.0001316742379353	0.918918918918919	454	12	14803	58	0.88671875	0.9742489270386266	0.0008099898751265	0.9284253578732108	52	4	19	0	0	0	15327	0	NA	NA	0.0	NA
40	20	10	0.001999	0.3	8e-06	2e-06	0.0	0.02	0	0007	indelsieve	candidate_snvs	smc_mudel_sa_stage_1-smc_mudel_sa_stage_2	mt	no_cnv	/raid/kang/DelSIEVE/simulation_results/IndelSIEVE_benchmark_pipeline_sa_105_doublet_1/benchmark_results/simulated_data/results/cell_names_dir/cell_names.0007	/raid/kang/DelSIEVE/simulation_results/IndelSIEVE_benchmark_pipeline_sa_105_doublet_1/benchmark_results/indelsieve/from_candidate/variant_calling/stage2/mt/no_cnv/smc_mudel_sa_stage_1-smc_mudel_sa_stage_2/0007/indelsieve_median.cell_names	/raid/kang/DelSIEVE/simulation_results/IndelSIEVE_benchmark_pipeline_sa_105_doublet_1/benchmark_results/simulated_data/results/data_type/no_cnv/0007/true_evo_events_sites_names	/raid/kang/DelSIEVE/simulation_results/IndelSIEVE_benchmark_pipeline_sa_105_doublet_1/benchmark_results/indelsieve/from_candidate/variant_calling/stage2/mt/no_cnv/smc_mudel_sa_stage_1-smc_mudel_sa_stage_2/0007/indelsieve_median.loci_info	/raid/kang/DelSIEVE/simulation_results/IndelSIEVE_benchmark_pipeline_sa_105_doublet_1/benchmark_results/simulated_data/results/data_type/no_cnv/0007/true_evo_events_genotypes_numeric	/raid/kang/DelSIEVE/simulation_results/IndelSIEVE_benchmark_pipeline_sa_105_doublet_1/benchmark_results/indelsieve/from_candidate/variant_calling/stage2/mt/no_cnv/smc_mudel_sa_stage_1-smc_mudel_sa_stage_2/0007/indelsieve_median.genotypes	/raid/kang/DelSIEVE/simulation_results/IndelSIEVE_benchmark_pipeline_sa_105_doublet_1/benchmark_results/simulated_data/results/data_type/no_cnv/0007/true_evo_events_ternary_matrix	/raid/kang/DelSIEVE/simulation_results/IndelSIEVE_benchmark_pipeline_sa_105_doublet_1/benchmark_results/indelsieve/from_candidate/variant_calling/stage2/mt/no_cnv/smc_mudel_sa_stage_1-smc_mudel_sa_stage_2/0007/indelsieve_median.ternary	/raid/kang/DelSIEVE/simulation_results/IndelSIEVE_benchmark_pipeline_sa_105_doublet_1/benchmark_results/indelsieve/from_candidate/variant_calling/stage2/mt/no_cnv/smc_mudel_sa_stage_1-smc_mudel_sa_stage_2/0007/indelsieve_median.probs	5426	107	23747	1310	0.8055225653206651	0.9806614856316646	0.8845056646833483	0.004485620860233	4997	100	25193	298	0.9437204910292728	0.980380616048656	0.9617013086989992	0.0039536630688332	4796	139	25360	293	0.9424248378856356	0.9718338399189465	0.9569034317637668	0.005451194164477	104	1	30449	34	0.7536231884057971	0.9904761904761904	0.8559670781893004	3.284072249589491e-05	138	93	3	31	479	14	18289	66	0.8788990825688073	0.9716024340770792	0.0007649019286455	0.9229287090558768	0	0	18848	0	NA	NA	0.0	NA	55	2	18778	13	0.8088235294117647	0.9649122807017544	0.0001064962726304	0.88	419	17	18354	58	0.8784067085953878	0.9610091743119266	0.0009253715094442	0.9178532311062432	51	5	10	0	0	0	18848	0	NA	NA	0.0	NA
40	20	10	0.001999	0.3	8e-06	2e-06	0.0	0.02	0	0008	indelsieve	candidate_snvs	smc_mudel_sa_stage_1-smc_mudel_sa_stage_2	mt	no_cnv	/raid/kang/DelSIEVE/simulation_results/IndelSIEVE_benchmark_pipeline_sa_105_doublet_1/benchmark_results/simulated_data/results/cell_names_dir/cell_names.0008	/raid/kang/DelSIEVE/simulation_results/IndelSIEVE_benchmark_pipeline_sa_105_doublet_1/benchmark_results/indelsieve/from_candidate/variant_calling/stage2/mt/no_cnv/smc_mudel_sa_stage_1-smc_mudel_sa_stage_2/0008/indelsieve_median.cell_names	/raid/kang/DelSIEVE/simulation_results/IndelSIEVE_benchmark_pipeline_sa_105_doublet_1/benchmark_results/simulated_data/results/data_type/no_cnv/0008/true_evo_events_sites_names	/raid/kang/DelSIEVE/simulation_results/IndelSIEVE_benchmark_pipeline_sa_105_doublet_1/benchmark_results/indelsieve/from_candidate/variant_calling/stage2/mt/no_cnv/smc_mudel_sa_stage_1-smc_mudel_sa_stage_2/0008/indelsieve_median.loci_info	/raid/kang/DelSIEVE/simulation_results/IndelSIEVE_benchmark_pipeline_sa_105_doublet_1/benchmark_results/simulated_data/results/data_type/no_cnv/0008/true_evo_events_genotypes_numeric	/raid/kang/DelSIEVE/simulation_results/IndelSIEVE_benchmark_pipeline_sa_105_doublet_1/benchmark_results/indelsieve/from_candidate/variant_calling/stage2/mt/no_cnv/smc_mudel_sa_stage_1-smc_mudel_sa_stage_2/0008/indelsieve_median.genotypes	/raid/kang/DelSIEVE/simulation_results/IndelSIEVE_benchmark_pipeline_sa_105_doublet_1/benchmark_results/simulated_data/results/data_type/no_cnv/0008/true_evo_events_ternary_matrix	/raid/kang/DelSIEVE/simulation_results/IndelSIEVE_benchmark_pipeline_sa_105_doublet_1/benchmark_results/indelsieve/from_candidate/variant_calling/stage2/mt/no_cnv/smc_mudel_sa_stage_1-smc_mudel_sa_stage_2/0008/indelsieve_median.ternary	/raid/kang/DelSIEVE/simulation_results/IndelSIEVE_benchmark_pipeline_sa_105_doublet_1/benchmark_results/indelsieve/from_candidate/variant_calling/stage2/mt/no_cnv/smc_mudel_sa_stage_1-smc_mudel_sa_stage_2/0008/indelsieve_median.probs	8042	34	22787	1857	0.8124052934639863	0.995789995047053	0.894798331015299	0.0014898558345383	7535	52	24782	333	0.9576766649720386	0.993146171082114	0.9750889679715304	0.0020939035193686	7143	85	25146	328	0.9560969080444384	0.988240177089098	0.97190285053405	0.0033688716261741	283	0	32393	26	0.9158576051779936	1.0	0.9560810810810813	0.0	309	33	2	24	563	2	18650	65	0.8964968152866242	0.9964601769911504	0.0001072271070126	0.9438390611902766	0	0	19278	2	0.0	NA	0.0	NA	76	0	19192	12	0.8636363636363636	1.0	0.0	0.9268292682926828	482	7	18735	56	0.895910780669145	0.985685071574642	0.0003734926902144	0.9386562804284324	37	19	9	0	0	0	19280	0	NA	NA	0.0	NA
40	20	10	0.001999	0.3	8e-06	2e-06	0.0	0.02	0	0009	indelsieve	candidate_snvs	smc_mudel_sa_stage_1-smc_mudel_sa_stage_2	mt	no_cnv	/raid/kang/DelSIEVE/simulation_results/IndelSIEVE_benchmark_pipeline_sa_105_doublet_1/benchmark_results/simulated_data/results/cell_names_dir/cell_names.0009	/raid/kang/DelSIEVE/simulation_results/IndelSIEVE_benchmark_pipeline_sa_105_doublet_1/benchmark_results/indelsieve/from_candidate/variant_calling/stage2/mt/no_cnv/smc_mudel_sa_stage_1-smc_mudel_sa_stage_2/0009/indelsieve_median.cell_names	/raid/kang/DelSIEVE/simulation_results/IndelSIEVE_benchmark_pipeline_sa_105_doublet_1/benchmark_results/simulated_data/results/data_type/no_cnv/0009/true_evo_events_sites_names	/raid/kang/DelSIEVE/simulation_results/IndelSIEVE_benchmark_pipeline_sa_105_doublet_1/benchmark_results/indelsieve/from_candidate/variant_calling/stage2/mt/no_cnv/smc_mudel_sa_stage_1-smc_mudel_sa_stage_2/0009/indelsieve_median.loci_info	/raid/kang/DelSIEVE/simulation_results/IndelSIEVE_benchmark_pipeline_sa_105_doublet_1/benchmark_results/simulated_data/results/data_type/no_cnv/0009/true_evo_events_genotypes_numeric	/raid/kang/DelSIEVE/simulation_results/IndelSIEVE_benchmark_pipeline_sa_105_doublet_1/benchmark_results/indelsieve/from_candidate/variant_calling/stage2/mt/no_cnv/smc_mudel_sa_stage_1-smc_mudel_sa_stage_2/0009/indelsieve_median.genotypes	/raid/kang/DelSIEVE/simulation_results/IndelSIEVE_benchmark_pipeline_sa_105_doublet_1/benchmark_results/simulated_data/results/data_type/no_cnv/0009/true_evo_events_ternary_matrix	/raid/kang/DelSIEVE/simulation_results/IndelSIEVE_benchmark_pipeline_sa_105_doublet_1/benchmark_results/indelsieve/from_candidate/variant_calling/stage2/mt/no_cnv/smc_mudel_sa_stage_1-smc_mudel_sa_stage_2/0009/indelsieve_median.ternary	/raid/kang/DelSIEVE/simulation_results/IndelSIEVE_benchmark_pipeline_sa_105_doublet_1/benchmark_results/indelsieve/from_candidate/variant_calling/stage2/mt/no_cnv/smc_mudel_sa_stage_1-smc_mudel_sa_stage_2/0009/indelsieve_median.probs	5350	74	24806	1789	0.7494046785264042	0.9863569321533924	0.851707394730558	0.0029742765273311	5160	74	26300	478	0.9152181624689606	0.9858616736721436	0.9492273730684326	0.0028057935845908	4803	105	26627	477	0.9096590909090908	0.9786063569682152	0.9428739693757362	0.0039278767020799	159	1	31826	26	0.8594594594594595	0.99375	0.9217391304347826	3.1419863637791814e-05	185	68	1	25	348	8	13517	50	0.8743718592964824	0.9775280898876404	0.0005914972273567	0.923076923076923	0	0	13920	3	0.0	NA	0.0	NA	162	4	13746	11	0.9364161849710982	0.9759036144578314	0.000290909090909	0.9557522123893804	181	9	13692	41	0.8153153153153153	0.9526315789473684	0.0006568863586599	0.8786407766990292	38	2	10	0	0	0	13923	0	NA	NA	0.0	NA
40	20	10	0.001999	0.3	8e-06	2e-06	0.0	0.02	0	0010	indelsieve	candidate_snvs	smc_mudel_sa_stage_1-smc_mudel_sa_stage_2	mt	no_cnv	/raid/kang/DelSIEVE/simulation_results/IndelSIEVE_benchmark_pipeline_sa_105_doublet_1/benchmark_results/simulated_data/results/cell_names_dir/cell_names.0010	/raid/kang/DelSIEVE/simulation_results/IndelSIEVE_benchmark_pipeline_sa_105_doublet_1/benchmark_results/indelsieve/from_candidate/variant_calling/stage2/mt/no_cnv/smc_mudel_sa_stage_1-smc_mudel_sa_stage_2/0010/indelsieve_median.cell_names	/raid/kang/DelSIEVE/simulation_results/IndelSIEVE_benchmark_pipeline_sa_105_doublet_1/benchmark_results/simulated_data/results/data_type/no_cnv/0010/true_evo_events_sites_names	/raid/kang/DelSIEVE/simulation_results/IndelSIEVE_benchmark_pipeline_sa_105_doublet_1/benchmark_results/indelsieve/from_candidate/variant_calling/stage2/mt/no_cnv/smc_mudel_sa_stage_1-smc_mudel_sa_stage_2/0010/indelsieve_median.loci_info	/raid/kang/DelSIEVE/simulation_results/IndelSIEVE_benchmark_pipeline_sa_105_doublet_1/benchmark_results/simulated_data/results/data_type/no_cnv/0010/true_evo_events_genotypes_numeric	/raid/kang/DelSIEVE/simulation_results/IndelSIEVE_benchmark_pipeline_sa_105_doublet_1/benchmark_results/indelsieve/from_candidate/variant_calling/stage2/mt/no_cnv/smc_mudel_sa_stage_1-smc_mudel_sa_stage_2/0010/indelsieve_median.genotypes	/raid/kang/DelSIEVE/simulation_results/IndelSIEVE_benchmark_pipeline_sa_105_doublet_1/benchmark_results/simulated_data/results/data_type/no_cnv/0010/true_evo_events_ternary_matrix	/raid/kang/DelSIEVE/simulation_results/IndelSIEVE_benchmark_pipeline_sa_105_doublet_1/benchmark_results/indelsieve/from_candidate/variant_calling/stage2/mt/no_cnv/smc_mudel_sa_stage_1-smc_mudel_sa_stage_2/0010/indelsieve_median.ternary	/raid/kang/DelSIEVE/simulation_results/IndelSIEVE_benchmark_pipeline_sa_105_doublet_1/benchmark_results/indelsieve/from_candidate/variant_calling/stage2/mt/no_cnv/smc_mudel_sa_stage_1-smc_mudel_sa_stage_2/0010/indelsieve_median.probs	4405	68	24160	1485	0.7478777589134126	0.98479767493852	0.8501399208723343	0.0028066699686313	4264	66	25350	435	0.9074271121515216	0.984757505773672	0.9445121275888804	0.0025967894239848	4053	97	25529	436	0.9028736912452662	0.9766265060240964	0.9383030443338348	0.0037852181378287	77	3	30004	31	0.7129629629629629	0.9625	0.8191489361702128	9.997667210984104e-05	108	61	2	29	235	8	14229	32	0.8801498127340824	0.9670781893004116	0.0005619161340169	0.9215686274509804	0	0	14504	0	NA	NA	0.0	NA	98	2	14400	4	0.9607843137254902	0.98	0.0001388696014442	0.9702970297029702	135	8	14331	30	0.8181818181818182	0.944055944055944	0.0005579189622707	0.8766233766233766	25	4	3	0	0	0	14504	0	NA	NA	0.0	NA
