cell_num	coverage_mean	coverage_variance	eff_seq_err_rate	ado_rate	mutation_rate	deletion_rate	insertion_rate	dataset	tool	snv_type	tool_setup	fine_tune_type	data_type	true_cell_names	cell_names	loci_info	true_ado_states	ado_states	true_positive	false_positive	true_negative	false_negative	recall	precision	f1_score	fall_out	true_positive_single_ado	false_positive_single_ado	true_negative_single_ado	false_negative_single_ado	recall_single_ado	precision_single_ado	f1_score_single_ado	fall_out_single_ado	true_positive_locus_ado	false_positive_locus_ado	true_negative_locus_ado	false_negative_locus_ado	recall_locus_ado	precision_locus_ado	f1_score_locus_ado	fall_out_locus_ado
40	5	20	0.001999	0.3	1e-06	1e-07	0.0	0001	sieve	candidate_snvs	smc_mu_sa_stage_1	mt	no_cnv	/raid/kang/DelSIEVE/simulation_results/IndelSIEVE_benchmark_pipeline_sa_201/benchmark_results/simulated_data/results/cell_names	/raid/kang/DelSIEVE/simulation_results/IndelSIEVE_benchmark_pipeline_sa_201/benchmark_results/indelsieve/from_candidate/variant_calling/mt/no_cnv/smc_mu_sa_stage_1/0001/indelsieve_median.cell_names	/raid/kang/DelSIEVE/simulation_results/IndelSIEVE_benchmark_pipeline_sa_201/benchmark_results/indelsieve/from_candidate/variant_calling/mt/no_cnv/smc_mu_sa_stage_1/0001/indelsieve_median.loci_info	/raid/kang/DelSIEVE/simulation_results/IndelSIEVE_benchmark_pipeline_sa_201/benchmark_results/simulated_data/results/ado_state_dir/ado_states.0001	/raid/kang/DelSIEVE/simulation_results/IndelSIEVE_benchmark_pipeline_sa_201/benchmark_results/indelsieve/from_candidate/variant_calling/mt/no_cnv/smc_mu_sa_stage_1/0001/indelsieve_median.ado	1805	878	15258	5139	0.2599366359447004	0.6727543794260157	0.3749870156850524	0.0544124938026772	1805	878	15258	5139	0.2599366359447004	0.6727543794260157	0.3749870156850524	0.0544124938026772	0	0	23080	0	NA	NA	NA	0.0
40	5	20	0.001999	0.3	1e-06	1e-07	0.0	0002	sieve	candidate_snvs	smc_mu_sa_stage_1	mt	no_cnv	/raid/kang/DelSIEVE/simulation_results/IndelSIEVE_benchmark_pipeline_sa_201/benchmark_results/simulated_data/results/cell_names	/raid/kang/DelSIEVE/simulation_results/IndelSIEVE_benchmark_pipeline_sa_201/benchmark_results/indelsieve/from_candidate/variant_calling/mt/no_cnv/smc_mu_sa_stage_1/0002/indelsieve_mean.cell_names	/raid/kang/DelSIEVE/simulation_results/IndelSIEVE_benchmark_pipeline_sa_201/benchmark_results/indelsieve/from_candidate/variant_calling/mt/no_cnv/smc_mu_sa_stage_1/0002/indelsieve_mean.loci_info	/raid/kang/DelSIEVE/simulation_results/IndelSIEVE_benchmark_pipeline_sa_201/benchmark_results/simulated_data/results/ado_state_dir/ado_states.0002	/raid/kang/DelSIEVE/simulation_results/IndelSIEVE_benchmark_pipeline_sa_201/benchmark_results/indelsieve/from_candidate/variant_calling/mt/no_cnv/smc_mu_sa_stage_1/0002/indelsieve_mean.ado	1375	738	11899	4108	0.2507751231077877	0.6507335541883578	0.3620326487625066	0.0583999366938355	1375	738	11899	4108	0.2507751231077877	0.6507335541883578	0.3620326487625066	0.0583999366938355	0	0	18120	0	NA	NA	NA	0.0
40	5	20	0.001999	0.3	1e-06	1e-07	0.0	0003	sieve	candidate_snvs	smc_mu_sa_stage_1	mt	no_cnv	/raid/kang/DelSIEVE/simulation_results/IndelSIEVE_benchmark_pipeline_sa_201/benchmark_results/simulated_data/results/cell_names	/raid/kang/DelSIEVE/simulation_results/IndelSIEVE_benchmark_pipeline_sa_201/benchmark_results/indelsieve/from_candidate/variant_calling/mt/no_cnv/smc_mu_sa_stage_1/0003/indelsieve_median.cell_names	/raid/kang/DelSIEVE/simulation_results/IndelSIEVE_benchmark_pipeline_sa_201/benchmark_results/indelsieve/from_candidate/variant_calling/mt/no_cnv/smc_mu_sa_stage_1/0003/indelsieve_median.loci_info	/raid/kang/DelSIEVE/simulation_results/IndelSIEVE_benchmark_pipeline_sa_201/benchmark_results/simulated_data/results/ado_state_dir/ado_states.0003	/raid/kang/DelSIEVE/simulation_results/IndelSIEVE_benchmark_pipeline_sa_201/benchmark_results/indelsieve/from_candidate/variant_calling/mt/no_cnv/smc_mu_sa_stage_1/0003/indelsieve_median.ado	1762	820	14389	4709	0.2722917632514294	0.6824167312161116	0.3892632276593394	0.0539154448024196	1762	820	14389	4709	0.2722917632514294	0.6824167312161116	0.3892632276593394	0.0539154448024196	0	0	21680	0	NA	NA	NA	0.0
40	5	20	0.001999	0.3	1e-06	1e-07	0.0	0004	sieve	candidate_snvs	smc_mu_sa_stage_1	mt	no_cnv	/raid/kang/DelSIEVE/simulation_results/IndelSIEVE_benchmark_pipeline_sa_201/benchmark_results/simulated_data/results/cell_names	/raid/kang/DelSIEVE/simulation_results/IndelSIEVE_benchmark_pipeline_sa_201/benchmark_results/indelsieve/from_candidate/variant_calling/mt/no_cnv/smc_mu_sa_stage_1/0004/indelsieve_median.cell_names	/raid/kang/DelSIEVE/simulation_results/IndelSIEVE_benchmark_pipeline_sa_201/benchmark_results/indelsieve/from_candidate/variant_calling/mt/no_cnv/smc_mu_sa_stage_1/0004/indelsieve_median.loci_info	/raid/kang/DelSIEVE/simulation_results/IndelSIEVE_benchmark_pipeline_sa_201/benchmark_results/simulated_data/results/ado_state_dir/ado_states.0004	/raid/kang/DelSIEVE/simulation_results/IndelSIEVE_benchmark_pipeline_sa_201/benchmark_results/indelsieve/from_candidate/variant_calling/mt/no_cnv/smc_mu_sa_stage_1/0004/indelsieve_median.ado	969	499	8040	2732	0.2618211294244799	0.6600817438692098	0.3749274521183982	0.0584377561775383	969	499	8040	2732	0.2618211294244799	0.6600817438692098	0.3749274521183982	0.0584377561775383	0	0	12240	0	NA	NA	NA	0.0
40	5	20	0.001999	0.3	1e-06	1e-07	0.0	0005	sieve	candidate_snvs	smc_mu_sa_stage_1	mt	no_cnv	/raid/kang/DelSIEVE/simulation_results/IndelSIEVE_benchmark_pipeline_sa_201/benchmark_results/simulated_data/results/cell_names	/raid/kang/DelSIEVE/simulation_results/IndelSIEVE_benchmark_pipeline_sa_201/benchmark_results/indelsieve/from_candidate/variant_calling/mt/no_cnv/smc_mu_sa_stage_1/0005/indelsieve_median.cell_names	/raid/kang/DelSIEVE/simulation_results/IndelSIEVE_benchmark_pipeline_sa_201/benchmark_results/indelsieve/from_candidate/variant_calling/mt/no_cnv/smc_mu_sa_stage_1/0005/indelsieve_median.loci_info	/raid/kang/DelSIEVE/simulation_results/IndelSIEVE_benchmark_pipeline_sa_201/benchmark_results/simulated_data/results/ado_state_dir/ado_states.0005	/raid/kang/DelSIEVE/simulation_results/IndelSIEVE_benchmark_pipeline_sa_201/benchmark_results/indelsieve/from_candidate/variant_calling/mt/no_cnv/smc_mu_sa_stage_1/0005/indelsieve_median.ado	1997	979	15471	5153	0.2793006993006993	0.6710349462365591	0.3944301797353347	0.0595136778115501	1997	979	15471	5153	0.2793006993006993	0.6710349462365591	0.3944301797353347	0.0595136778115501	0	0	23600	0	NA	NA	NA	0.0
40	5	20	0.001999	0.3	1e-06	1e-07	0.0	0006	sieve	candidate_snvs	smc_mu_sa_stage_1	mt	no_cnv	/raid/kang/DelSIEVE/simulation_results/IndelSIEVE_benchmark_pipeline_sa_201/benchmark_results/simulated_data/results/cell_names	/raid/kang/DelSIEVE/simulation_results/IndelSIEVE_benchmark_pipeline_sa_201/benchmark_results/indelsieve/from_candidate/variant_calling/mt/no_cnv/smc_mu_sa_stage_1/0006/indelsieve_mean.cell_names	/raid/kang/DelSIEVE/simulation_results/IndelSIEVE_benchmark_pipeline_sa_201/benchmark_results/indelsieve/from_candidate/variant_calling/mt/no_cnv/smc_mu_sa_stage_1/0006/indelsieve_mean.loci_info	/raid/kang/DelSIEVE/simulation_results/IndelSIEVE_benchmark_pipeline_sa_201/benchmark_results/simulated_data/results/ado_state_dir/ado_states.0006	/raid/kang/DelSIEVE/simulation_results/IndelSIEVE_benchmark_pipeline_sa_201/benchmark_results/indelsieve/from_candidate/variant_calling/mt/no_cnv/smc_mu_sa_stage_1/0006/indelsieve_mean.ado	854	434	8383	2889	0.2281592305637189	0.6630434782608695	0.3394951301928046	0.049223091754565	854	434	8383	2889	0.2281592305637189	0.6630434782608695	0.3394951301928046	0.049223091754565	0	0	12560	0	NA	NA	NA	0.0
40	5	20	0.001999	0.3	1e-06	1e-07	0.0	0007	sieve	candidate_snvs	smc_mu_sa_stage_1	mt	no_cnv	/raid/kang/DelSIEVE/simulation_results/IndelSIEVE_benchmark_pipeline_sa_201/benchmark_results/simulated_data/results/cell_names	/raid/kang/DelSIEVE/simulation_results/IndelSIEVE_benchmark_pipeline_sa_201/benchmark_results/indelsieve/from_candidate/variant_calling/mt/no_cnv/smc_mu_sa_stage_1/0007/indelsieve_median.cell_names	/raid/kang/DelSIEVE/simulation_results/IndelSIEVE_benchmark_pipeline_sa_201/benchmark_results/indelsieve/from_candidate/variant_calling/mt/no_cnv/smc_mu_sa_stage_1/0007/indelsieve_median.loci_info	/raid/kang/DelSIEVE/simulation_results/IndelSIEVE_benchmark_pipeline_sa_201/benchmark_results/simulated_data/results/ado_state_dir/ado_states.0007	/raid/kang/DelSIEVE/simulation_results/IndelSIEVE_benchmark_pipeline_sa_201/benchmark_results/indelsieve/from_candidate/variant_calling/mt/no_cnv/smc_mu_sa_stage_1/0007/indelsieve_median.ado	1377	709	13161	4433	0.2370051635111876	0.6601150527325024	0.3487841945288754	0.0511175198269646	1377	709	13161	4433	0.2370051635111876	0.6601150527325024	0.3487841945288754	0.0511175198269646	0	0	19680	0	NA	NA	NA	0.0
40	5	20	0.001999	0.3	1e-06	1e-07	0.0	0008	sieve	candidate_snvs	smc_mu_sa_stage_1	mt	no_cnv	/raid/kang/DelSIEVE/simulation_results/IndelSIEVE_benchmark_pipeline_sa_201/benchmark_results/simulated_data/results/cell_names	/raid/kang/DelSIEVE/simulation_results/IndelSIEVE_benchmark_pipeline_sa_201/benchmark_results/indelsieve/from_candidate/variant_calling/mt/no_cnv/smc_mu_sa_stage_1/0008/indelsieve_median.cell_names	/raid/kang/DelSIEVE/simulation_results/IndelSIEVE_benchmark_pipeline_sa_201/benchmark_results/indelsieve/from_candidate/variant_calling/mt/no_cnv/smc_mu_sa_stage_1/0008/indelsieve_median.loci_info	/raid/kang/DelSIEVE/simulation_results/IndelSIEVE_benchmark_pipeline_sa_201/benchmark_results/simulated_data/results/ado_state_dir/ado_states.0008	/raid/kang/DelSIEVE/simulation_results/IndelSIEVE_benchmark_pipeline_sa_201/benchmark_results/indelsieve/from_candidate/variant_calling/mt/no_cnv/smc_mu_sa_stage_1/0008/indelsieve_median.ado	1180	582	10702	3616	0.2460383653044203	0.6696935300794552	0.3598658127477889	0.0515774548032612	1180	582	10702	3616	0.2460383653044203	0.6696935300794552	0.3598658127477889	0.0515774548032612	0	0	16080	0	NA	NA	NA	0.0
40	5	20	0.001999	0.3	1e-06	1e-07	0.0	0009	sieve	candidate_snvs	smc_mu_sa_stage_1	mt	no_cnv	/raid/kang/DelSIEVE/simulation_results/IndelSIEVE_benchmark_pipeline_sa_201/benchmark_results/simulated_data/results/cell_names	/raid/kang/DelSIEVE/simulation_results/IndelSIEVE_benchmark_pipeline_sa_201/benchmark_results/indelsieve/from_candidate/variant_calling/mt/no_cnv/smc_mu_sa_stage_1/0009/indelsieve_mean.cell_names	/raid/kang/DelSIEVE/simulation_results/IndelSIEVE_benchmark_pipeline_sa_201/benchmark_results/indelsieve/from_candidate/variant_calling/mt/no_cnv/smc_mu_sa_stage_1/0009/indelsieve_mean.loci_info	/raid/kang/DelSIEVE/simulation_results/IndelSIEVE_benchmark_pipeline_sa_201/benchmark_results/simulated_data/results/ado_state_dir/ado_states.0009	/raid/kang/DelSIEVE/simulation_results/IndelSIEVE_benchmark_pipeline_sa_201/benchmark_results/indelsieve/from_candidate/variant_calling/mt/no_cnv/smc_mu_sa_stage_1/0009/indelsieve_mean.ado	1375	808	13756	4861	0.2204939063502245	0.6298671552908841	0.3266421190165103	0.0554792639384784	1375	808	13756	4861	0.2204939063502245	0.6298671552908841	0.3266421190165103	0.0554792639384784	0	0	20800	0	NA	NA	NA	0.0
40	5	20	0.001999	0.3	1e-06	1e-07	0.0	0010	sieve	candidate_snvs	smc_mu_sa_stage_1	mt	no_cnv	/raid/kang/DelSIEVE/simulation_results/IndelSIEVE_benchmark_pipeline_sa_201/benchmark_results/simulated_data/results/cell_names	/raid/kang/DelSIEVE/simulation_results/IndelSIEVE_benchmark_pipeline_sa_201/benchmark_results/indelsieve/from_candidate/variant_calling/mt/no_cnv/smc_mu_sa_stage_1/0010/indelsieve_mode_gaussian.cell_names	/raid/kang/DelSIEVE/simulation_results/IndelSIEVE_benchmark_pipeline_sa_201/benchmark_results/indelsieve/from_candidate/variant_calling/mt/no_cnv/smc_mu_sa_stage_1/0010/indelsieve_mode_gaussian.loci_info	/raid/kang/DelSIEVE/simulation_results/IndelSIEVE_benchmark_pipeline_sa_201/benchmark_results/simulated_data/results/ado_state_dir/ado_states.0010	/raid/kang/DelSIEVE/simulation_results/IndelSIEVE_benchmark_pipeline_sa_201/benchmark_results/indelsieve/from_candidate/variant_calling/mt/no_cnv/smc_mu_sa_stage_1/0010/indelsieve_mode_gaussian.ado	563	303	8046	2888	0.163141118516372	0.6501154734411085	0.2608292795923094	0.036291771469637	563	303	8046	2888	0.163141118516372	0.6501154734411085	0.2608292795923094	0.036291771469637	0	0	11800	0	NA	NA	NA	0.0
40	5	20	0.001999	0.3	1e-06	1e-07	0.0	0001	indelsieve	candidate_snvs	smc_mudel_sa_stage_1	mt	no_cnv	/raid/kang/DelSIEVE/simulation_results/IndelSIEVE_benchmark_pipeline_sa_201/benchmark_results/simulated_data/results/cell_names	/raid/kang/DelSIEVE/simulation_results/IndelSIEVE_benchmark_pipeline_sa_201/benchmark_results/indelsieve/from_candidate/variant_calling/mt/no_cnv/smc_mudel_sa_stage_1/0001/indelsieve_median.cell_names	/raid/kang/DelSIEVE/simulation_results/IndelSIEVE_benchmark_pipeline_sa_201/benchmark_results/indelsieve/from_candidate/variant_calling/mt/no_cnv/smc_mudel_sa_stage_1/0001/indelsieve_median.loci_info	/raid/kang/DelSIEVE/simulation_results/IndelSIEVE_benchmark_pipeline_sa_201/benchmark_results/simulated_data/results/ado_state_dir/ado_states.0001	/raid/kang/DelSIEVE/simulation_results/IndelSIEVE_benchmark_pipeline_sa_201/benchmark_results/indelsieve/from_candidate/variant_calling/mt/no_cnv/smc_mudel_sa_stage_1/0001/indelsieve_median.ado	1805	876	15260	5139	0.2599366359447004	0.6732562476687803	0.375064935064935	0.0542885473475458	1805	876	15260	5139	0.2599366359447004	0.6732562476687803	0.375064935064935	0.0542885473475458	0	0	23080	0	NA	NA	NA	0.0
40	5	20	0.001999	0.3	1e-06	1e-07	0.0	0002	indelsieve	candidate_snvs	smc_mudel_sa_stage_1	mt	no_cnv	/raid/kang/DelSIEVE/simulation_results/IndelSIEVE_benchmark_pipeline_sa_201/benchmark_results/simulated_data/results/cell_names	/raid/kang/DelSIEVE/simulation_results/IndelSIEVE_benchmark_pipeline_sa_201/benchmark_results/indelsieve/from_candidate/variant_calling/mt/no_cnv/smc_mudel_sa_stage_1/0002/indelsieve_mode_gaussian.cell_names	/raid/kang/DelSIEVE/simulation_results/IndelSIEVE_benchmark_pipeline_sa_201/benchmark_results/indelsieve/from_candidate/variant_calling/mt/no_cnv/smc_mudel_sa_stage_1/0002/indelsieve_mode_gaussian.loci_info	/raid/kang/DelSIEVE/simulation_results/IndelSIEVE_benchmark_pipeline_sa_201/benchmark_results/simulated_data/results/ado_state_dir/ado_states.0002	/raid/kang/DelSIEVE/simulation_results/IndelSIEVE_benchmark_pipeline_sa_201/benchmark_results/indelsieve/from_candidate/variant_calling/mt/no_cnv/smc_mudel_sa_stage_1/0002/indelsieve_mode_gaussian.ado	1367	730	11907	4116	0.2493160678460696	0.6518836432999523	0.3606860158311346	0.0577668750494579	1367	730	11907	4116	0.2493160678460696	0.6518836432999523	0.3606860158311346	0.0577668750494579	0	0	18120	0	NA	NA	NA	0.0
40	5	20	0.001999	0.3	1e-06	1e-07	0.0	0003	indelsieve	candidate_snvs	smc_mudel_sa_stage_1	mt	no_cnv	/raid/kang/DelSIEVE/simulation_results/IndelSIEVE_benchmark_pipeline_sa_201/benchmark_results/simulated_data/results/cell_names	/raid/kang/DelSIEVE/simulation_results/IndelSIEVE_benchmark_pipeline_sa_201/benchmark_results/indelsieve/from_candidate/variant_calling/mt/no_cnv/smc_mudel_sa_stage_1/0003/indelsieve_mode_gaussian.cell_names	/raid/kang/DelSIEVE/simulation_results/IndelSIEVE_benchmark_pipeline_sa_201/benchmark_results/indelsieve/from_candidate/variant_calling/mt/no_cnv/smc_mudel_sa_stage_1/0003/indelsieve_mode_gaussian.loci_info	/raid/kang/DelSIEVE/simulation_results/IndelSIEVE_benchmark_pipeline_sa_201/benchmark_results/simulated_data/results/ado_state_dir/ado_states.0003	/raid/kang/DelSIEVE/simulation_results/IndelSIEVE_benchmark_pipeline_sa_201/benchmark_results/indelsieve/from_candidate/variant_calling/mt/no_cnv/smc_mudel_sa_stage_1/0003/indelsieve_mode_gaussian.ado	1761	817	14392	4710	0.2721372276309689	0.6830876648564779	0.3892142778207537	0.0537181931750936	1761	817	14392	4710	0.2721372276309689	0.6830876648564779	0.3892142778207537	0.0537181931750936	0	0	21680	0	NA	NA	NA	0.0
40	5	20	0.001999	0.3	1e-06	1e-07	0.0	0004	indelsieve	candidate_snvs	smc_mudel_sa_stage_1	mt	no_cnv	/raid/kang/DelSIEVE/simulation_results/IndelSIEVE_benchmark_pipeline_sa_201/benchmark_results/simulated_data/results/cell_names	/raid/kang/DelSIEVE/simulation_results/IndelSIEVE_benchmark_pipeline_sa_201/benchmark_results/indelsieve/from_candidate/variant_calling/mt/no_cnv/smc_mudel_sa_stage_1/0004/indelsieve_median.cell_names	/raid/kang/DelSIEVE/simulation_results/IndelSIEVE_benchmark_pipeline_sa_201/benchmark_results/indelsieve/from_candidate/variant_calling/mt/no_cnv/smc_mudel_sa_stage_1/0004/indelsieve_median.loci_info	/raid/kang/DelSIEVE/simulation_results/IndelSIEVE_benchmark_pipeline_sa_201/benchmark_results/simulated_data/results/ado_state_dir/ado_states.0004	/raid/kang/DelSIEVE/simulation_results/IndelSIEVE_benchmark_pipeline_sa_201/benchmark_results/indelsieve/from_candidate/variant_calling/mt/no_cnv/smc_mudel_sa_stage_1/0004/indelsieve_median.ado	963	495	8044	2738	0.2601999459605512	0.6604938271604939	0.3733281643729405	0.0579693172502635	963	495	8044	2738	0.2601999459605512	0.6604938271604939	0.3733281643729405	0.0579693172502635	0	0	12240	0	NA	NA	NA	0.0
40	5	20	0.001999	0.3	1e-06	1e-07	0.0	0005	indelsieve	candidate_snvs	smc_mudel_sa_stage_1	mt	no_cnv	/raid/kang/DelSIEVE/simulation_results/IndelSIEVE_benchmark_pipeline_sa_201/benchmark_results/simulated_data/results/cell_names	/raid/kang/DelSIEVE/simulation_results/IndelSIEVE_benchmark_pipeline_sa_201/benchmark_results/indelsieve/from_candidate/variant_calling/mt/no_cnv/smc_mudel_sa_stage_1/0005/indelsieve_median.cell_names	/raid/kang/DelSIEVE/simulation_results/IndelSIEVE_benchmark_pipeline_sa_201/benchmark_results/indelsieve/from_candidate/variant_calling/mt/no_cnv/smc_mudel_sa_stage_1/0005/indelsieve_median.loci_info	/raid/kang/DelSIEVE/simulation_results/IndelSIEVE_benchmark_pipeline_sa_201/benchmark_results/simulated_data/results/ado_state_dir/ado_states.0005	/raid/kang/DelSIEVE/simulation_results/IndelSIEVE_benchmark_pipeline_sa_201/benchmark_results/indelsieve/from_candidate/variant_calling/mt/no_cnv/smc_mudel_sa_stage_1/0005/indelsieve_median.ado	1998	979	15471	5152	0.2794405594405594	0.6711454484380248	0.3945887232151674	0.0595136778115501	1998	979	15471	5152	0.2794405594405594	0.6711454484380248	0.3945887232151674	0.0595136778115501	0	0	23600	0	NA	NA	NA	0.0
40	5	20	0.001999	0.3	1e-06	1e-07	0.0	0006	indelsieve	candidate_snvs	smc_mudel_sa_stage_1	mt	no_cnv	/raid/kang/DelSIEVE/simulation_results/IndelSIEVE_benchmark_pipeline_sa_201/benchmark_results/simulated_data/results/cell_names	/raid/kang/DelSIEVE/simulation_results/IndelSIEVE_benchmark_pipeline_sa_201/benchmark_results/indelsieve/from_candidate/variant_calling/mt/no_cnv/smc_mudel_sa_stage_1/0006/indelsieve_median.cell_names	/raid/kang/DelSIEVE/simulation_results/IndelSIEVE_benchmark_pipeline_sa_201/benchmark_results/indelsieve/from_candidate/variant_calling/mt/no_cnv/smc_mudel_sa_stage_1/0006/indelsieve_median.loci_info	/raid/kang/DelSIEVE/simulation_results/IndelSIEVE_benchmark_pipeline_sa_201/benchmark_results/simulated_data/results/ado_state_dir/ado_states.0006	/raid/kang/DelSIEVE/simulation_results/IndelSIEVE_benchmark_pipeline_sa_201/benchmark_results/indelsieve/from_candidate/variant_calling/mt/no_cnv/smc_mudel_sa_stage_1/0006/indelsieve_median.ado	859	437	8380	2884	0.2294950574405557	0.6628086419753086	0.3409406628299265	0.0495633435408869	859	437	8380	2884	0.2294950574405557	0.6628086419753086	0.3409406628299265	0.0495633435408869	0	0	12560	0	NA	NA	NA	0.0
40	5	20	0.001999	0.3	1e-06	1e-07	0.0	0007	indelsieve	candidate_snvs	smc_mudel_sa_stage_1	mt	no_cnv	/raid/kang/DelSIEVE/simulation_results/IndelSIEVE_benchmark_pipeline_sa_201/benchmark_results/simulated_data/results/cell_names	/raid/kang/DelSIEVE/simulation_results/IndelSIEVE_benchmark_pipeline_sa_201/benchmark_results/indelsieve/from_candidate/variant_calling/mt/no_cnv/smc_mudel_sa_stage_1/0007/indelsieve_mode_gaussian.cell_names	/raid/kang/DelSIEVE/simulation_results/IndelSIEVE_benchmark_pipeline_sa_201/benchmark_results/indelsieve/from_candidate/variant_calling/mt/no_cnv/smc_mudel_sa_stage_1/0007/indelsieve_mode_gaussian.loci_info	/raid/kang/DelSIEVE/simulation_results/IndelSIEVE_benchmark_pipeline_sa_201/benchmark_results/simulated_data/results/ado_state_dir/ado_states.0007	/raid/kang/DelSIEVE/simulation_results/IndelSIEVE_benchmark_pipeline_sa_201/benchmark_results/indelsieve/from_candidate/variant_calling/mt/no_cnv/smc_mudel_sa_stage_1/0007/indelsieve_mode_gaussian.ado	1280	632	13238	4530	0.2203098106712564	0.6694560669456067	0.3315203315203315	0.0455659697188175	1280	632	13238	4530	0.2203098106712564	0.6694560669456067	0.3315203315203315	0.0455659697188175	0	0	19680	0	NA	NA	NA	0.0
40	5	20	0.001999	0.3	1e-06	1e-07	0.0	0008	indelsieve	candidate_snvs	smc_mudel_sa_stage_1	mt	no_cnv	/raid/kang/DelSIEVE/simulation_results/IndelSIEVE_benchmark_pipeline_sa_201/benchmark_results/simulated_data/results/cell_names	/raid/kang/DelSIEVE/simulation_results/IndelSIEVE_benchmark_pipeline_sa_201/benchmark_results/indelsieve/from_candidate/variant_calling/mt/no_cnv/smc_mudel_sa_stage_1/0008/indelsieve_median.cell_names	/raid/kang/DelSIEVE/simulation_results/IndelSIEVE_benchmark_pipeline_sa_201/benchmark_results/indelsieve/from_candidate/variant_calling/mt/no_cnv/smc_mudel_sa_stage_1/0008/indelsieve_median.loci_info	/raid/kang/DelSIEVE/simulation_results/IndelSIEVE_benchmark_pipeline_sa_201/benchmark_results/simulated_data/results/ado_state_dir/ado_states.0008	/raid/kang/DelSIEVE/simulation_results/IndelSIEVE_benchmark_pipeline_sa_201/benchmark_results/indelsieve/from_candidate/variant_calling/mt/no_cnv/smc_mudel_sa_stage_1/0008/indelsieve_median.ado	1160	563	10721	3636	0.2418682235195996	0.673244341265235	0.35588280411106	0.0498936547323644	1160	563	10721	3636	0.2418682235195996	0.673244341265235	0.35588280411106	0.0498936547323644	0	0	16080	0	NA	NA	NA	0.0
40	5	20	0.001999	0.3	1e-06	1e-07	0.0	0009	indelsieve	candidate_snvs	smc_mudel_sa_stage_1	mt	no_cnv	/raid/kang/DelSIEVE/simulation_results/IndelSIEVE_benchmark_pipeline_sa_201/benchmark_results/simulated_data/results/cell_names	/raid/kang/DelSIEVE/simulation_results/IndelSIEVE_benchmark_pipeline_sa_201/benchmark_results/indelsieve/from_candidate/variant_calling/mt/no_cnv/smc_mudel_sa_stage_1/0009/indelsieve_median.cell_names	/raid/kang/DelSIEVE/simulation_results/IndelSIEVE_benchmark_pipeline_sa_201/benchmark_results/indelsieve/from_candidate/variant_calling/mt/no_cnv/smc_mudel_sa_stage_1/0009/indelsieve_median.loci_info	/raid/kang/DelSIEVE/simulation_results/IndelSIEVE_benchmark_pipeline_sa_201/benchmark_results/simulated_data/results/ado_state_dir/ado_states.0009	/raid/kang/DelSIEVE/simulation_results/IndelSIEVE_benchmark_pipeline_sa_201/benchmark_results/indelsieve/from_candidate/variant_calling/mt/no_cnv/smc_mudel_sa_stage_1/0009/indelsieve_median.ado	1380	806	13758	4856	0.2212957023733162	0.6312900274473925	0.3277131322726193	0.0553419390277396	1380	806	13758	4856	0.2212957023733162	0.6312900274473925	0.3277131322726193	0.0553419390277396	0	0	20800	0	NA	NA	NA	0.0
40	5	20	0.001999	0.3	1e-06	1e-07	0.0	0010	indelsieve	candidate_snvs	smc_mudel_sa_stage_1	mt	no_cnv	/raid/kang/DelSIEVE/simulation_results/IndelSIEVE_benchmark_pipeline_sa_201/benchmark_results/simulated_data/results/cell_names	/raid/kang/DelSIEVE/simulation_results/IndelSIEVE_benchmark_pipeline_sa_201/benchmark_results/indelsieve/from_candidate/variant_calling/mt/no_cnv/smc_mudel_sa_stage_1/0010/indelsieve_median.cell_names	/raid/kang/DelSIEVE/simulation_results/IndelSIEVE_benchmark_pipeline_sa_201/benchmark_results/indelsieve/from_candidate/variant_calling/mt/no_cnv/smc_mudel_sa_stage_1/0010/indelsieve_median.loci_info	/raid/kang/DelSIEVE/simulation_results/IndelSIEVE_benchmark_pipeline_sa_201/benchmark_results/simulated_data/results/ado_state_dir/ado_states.0010	/raid/kang/DelSIEVE/simulation_results/IndelSIEVE_benchmark_pipeline_sa_201/benchmark_results/indelsieve/from_candidate/variant_calling/mt/no_cnv/smc_mudel_sa_stage_1/0010/indelsieve_median.ado	528	275	8074	2923	0.1529991306867574	0.6575342465753424	0.2482369534555712	0.0329380764163372	528	275	8074	2923	0.1529991306867574	0.6575342465753424	0.2482369534555712	0.0329380764163372	0	0	11800	0	NA	NA	NA	0.0
40	5	20	0.001999	0.3	1e-06	1e-07	0.0	0001	sieve	candidate_snvs	smc_mu_sa_stage_1-smc_mu_sa_stage_2	mt	no_cnv	/raid/kang/DelSIEVE/simulation_results/IndelSIEVE_benchmark_pipeline_sa_201/benchmark_results/simulated_data/results/cell_names	/raid/kang/DelSIEVE/simulation_results/IndelSIEVE_benchmark_pipeline_sa_201/benchmark_results/indelsieve/from_candidate/variant_calling/stage2/mt/no_cnv/smc_mu_sa_stage_1-smc_mu_sa_stage_2/0001/indelsieve_median.cell_names	/raid/kang/DelSIEVE/simulation_results/IndelSIEVE_benchmark_pipeline_sa_201/benchmark_results/indelsieve/from_candidate/variant_calling/stage2/mt/no_cnv/smc_mu_sa_stage_1-smc_mu_sa_stage_2/0001/indelsieve_median.loci_info	/raid/kang/DelSIEVE/simulation_results/IndelSIEVE_benchmark_pipeline_sa_201/benchmark_results/simulated_data/results/ado_state_dir/ado_states.0001	/raid/kang/DelSIEVE/simulation_results/IndelSIEVE_benchmark_pipeline_sa_201/benchmark_results/indelsieve/from_candidate/variant_calling/stage2/mt/no_cnv/smc_mu_sa_stage_1-smc_mu_sa_stage_2/0001/indelsieve_median.ado	1817	884	15252	5127	0.2616647465437788	0.6727138097001111	0.3767755313634007	0.0547843331680713	1817	884	15252	5127	0.2616647465437788	0.6727138097001111	0.3767755313634007	0.0547843331680713	0	0	23080	0	NA	NA	NA	0.0
40	5	20	0.001999	0.3	1e-06	1e-07	0.0	0001	indelsieve	candidate_snvs	smc_mudel_sa_stage_1-smc_mudel_sa_stage_2	mt	no_cnv	/raid/kang/DelSIEVE/simulation_results/IndelSIEVE_benchmark_pipeline_sa_201/benchmark_results/simulated_data/results/cell_names	/raid/kang/DelSIEVE/simulation_results/IndelSIEVE_benchmark_pipeline_sa_201/benchmark_results/indelsieve/from_candidate/variant_calling/stage2/mt/no_cnv/smc_mudel_sa_stage_1-smc_mudel_sa_stage_2/0001/indelsieve_median.cell_names	/raid/kang/DelSIEVE/simulation_results/IndelSIEVE_benchmark_pipeline_sa_201/benchmark_results/indelsieve/from_candidate/variant_calling/stage2/mt/no_cnv/smc_mudel_sa_stage_1-smc_mudel_sa_stage_2/0001/indelsieve_median.loci_info	/raid/kang/DelSIEVE/simulation_results/IndelSIEVE_benchmark_pipeline_sa_201/benchmark_results/simulated_data/results/ado_state_dir/ado_states.0001	/raid/kang/DelSIEVE/simulation_results/IndelSIEVE_benchmark_pipeline_sa_201/benchmark_results/indelsieve/from_candidate/variant_calling/stage2/mt/no_cnv/smc_mudel_sa_stage_1-smc_mudel_sa_stage_2/0001/indelsieve_median.ado	1817	884	15252	5127	0.2616647465437788	0.6727138097001111	0.3767755313634007	0.0547843331680713	1817	884	15252	5127	0.2616647465437788	0.6727138097001111	0.3767755313634007	0.0547843331680713	0	0	23080	0	NA	NA	NA	0.0
40	5	20	0.001999	0.3	1e-06	1e-07	0.0	0002	sieve	candidate_snvs	smc_mu_sa_stage_1-smc_mu_sa_stage_2	mt	no_cnv	/raid/kang/DelSIEVE/simulation_results/IndelSIEVE_benchmark_pipeline_sa_201/benchmark_results/simulated_data/results/cell_names	/raid/kang/DelSIEVE/simulation_results/IndelSIEVE_benchmark_pipeline_sa_201/benchmark_results/indelsieve/from_candidate/variant_calling/stage2/mt/no_cnv/smc_mu_sa_stage_1-smc_mu_sa_stage_2/0002/indelsieve_median.cell_names	/raid/kang/DelSIEVE/simulation_results/IndelSIEVE_benchmark_pipeline_sa_201/benchmark_results/indelsieve/from_candidate/variant_calling/stage2/mt/no_cnv/smc_mu_sa_stage_1-smc_mu_sa_stage_2/0002/indelsieve_median.loci_info	/raid/kang/DelSIEVE/simulation_results/IndelSIEVE_benchmark_pipeline_sa_201/benchmark_results/simulated_data/results/ado_state_dir/ado_states.0002	/raid/kang/DelSIEVE/simulation_results/IndelSIEVE_benchmark_pipeline_sa_201/benchmark_results/indelsieve/from_candidate/variant_calling/stage2/mt/no_cnv/smc_mu_sa_stage_1-smc_mu_sa_stage_2/0002/indelsieve_median.ado	1389	744	11893	4094	0.2533284698157942	0.6511954992967651	0.3647584033613446	0.0588747329271187	1389	744	11893	4094	0.2533284698157942	0.6511954992967651	0.3647584033613446	0.0588747329271187	0	0	18120	0	NA	NA	NA	0.0
40	5	20	0.001999	0.3	1e-06	1e-07	0.0	0002	indelsieve	candidate_snvs	smc_mudel_sa_stage_1-smc_mudel_sa_stage_2	mt	no_cnv	/raid/kang/DelSIEVE/simulation_results/IndelSIEVE_benchmark_pipeline_sa_201/benchmark_results/simulated_data/results/cell_names	/raid/kang/DelSIEVE/simulation_results/IndelSIEVE_benchmark_pipeline_sa_201/benchmark_results/indelsieve/from_candidate/variant_calling/stage2/mt/no_cnv/smc_mudel_sa_stage_1-smc_mudel_sa_stage_2/0002/indelsieve_median.cell_names	/raid/kang/DelSIEVE/simulation_results/IndelSIEVE_benchmark_pipeline_sa_201/benchmark_results/indelsieve/from_candidate/variant_calling/stage2/mt/no_cnv/smc_mudel_sa_stage_1-smc_mudel_sa_stage_2/0002/indelsieve_median.loci_info	/raid/kang/DelSIEVE/simulation_results/IndelSIEVE_benchmark_pipeline_sa_201/benchmark_results/simulated_data/results/ado_state_dir/ado_states.0002	/raid/kang/DelSIEVE/simulation_results/IndelSIEVE_benchmark_pipeline_sa_201/benchmark_results/indelsieve/from_candidate/variant_calling/stage2/mt/no_cnv/smc_mudel_sa_stage_1-smc_mudel_sa_stage_2/0002/indelsieve_median.ado	1381	738	11899	4102	0.2518694145540762	0.6517225106182162	0.363325440673507	0.0583999366938355	1381	738	11899	4102	0.2518694145540762	0.6517225106182162	0.363325440673507	0.0583999366938355	0	0	18120	0	NA	NA	NA	0.0
40	5	20	0.001999	0.3	1e-06	1e-07	0.0	0003	sieve	candidate_snvs	smc_mu_sa_stage_1-smc_mu_sa_stage_2	mt	no_cnv	/raid/kang/DelSIEVE/simulation_results/IndelSIEVE_benchmark_pipeline_sa_201/benchmark_results/simulated_data/results/cell_names	/raid/kang/DelSIEVE/simulation_results/IndelSIEVE_benchmark_pipeline_sa_201/benchmark_results/indelsieve/from_candidate/variant_calling/stage2/mt/no_cnv/smc_mu_sa_stage_1-smc_mu_sa_stage_2/0003/indelsieve_median.cell_names	/raid/kang/DelSIEVE/simulation_results/IndelSIEVE_benchmark_pipeline_sa_201/benchmark_results/indelsieve/from_candidate/variant_calling/stage2/mt/no_cnv/smc_mu_sa_stage_1-smc_mu_sa_stage_2/0003/indelsieve_median.loci_info	/raid/kang/DelSIEVE/simulation_results/IndelSIEVE_benchmark_pipeline_sa_201/benchmark_results/simulated_data/results/ado_state_dir/ado_states.0003	/raid/kang/DelSIEVE/simulation_results/IndelSIEVE_benchmark_pipeline_sa_201/benchmark_results/indelsieve/from_candidate/variant_calling/stage2/mt/no_cnv/smc_mu_sa_stage_1-smc_mu_sa_stage_2/0003/indelsieve_median.ado	1772	826	14383	4699	0.2738371194560346	0.6820631254811393	0.3907817840996802	0.0543099480570714	1772	826	14383	4699	0.2738371194560346	0.6820631254811393	0.3907817840996802	0.0543099480570714	0	0	21680	0	NA	NA	NA	0.0
40	5	20	0.001999	0.3	1e-06	1e-07	0.0	0003	indelsieve	candidate_snvs	smc_mudel_sa_stage_1-smc_mudel_sa_stage_2	mt	no_cnv	/raid/kang/DelSIEVE/simulation_results/IndelSIEVE_benchmark_pipeline_sa_201/benchmark_results/simulated_data/results/cell_names	/raid/kang/DelSIEVE/simulation_results/IndelSIEVE_benchmark_pipeline_sa_201/benchmark_results/indelsieve/from_candidate/variant_calling/stage2/mt/no_cnv/smc_mudel_sa_stage_1-smc_mudel_sa_stage_2/0003/indelsieve_median.cell_names	/raid/kang/DelSIEVE/simulation_results/IndelSIEVE_benchmark_pipeline_sa_201/benchmark_results/indelsieve/from_candidate/variant_calling/stage2/mt/no_cnv/smc_mudel_sa_stage_1-smc_mudel_sa_stage_2/0003/indelsieve_median.loci_info	/raid/kang/DelSIEVE/simulation_results/IndelSIEVE_benchmark_pipeline_sa_201/benchmark_results/simulated_data/results/ado_state_dir/ado_states.0003	/raid/kang/DelSIEVE/simulation_results/IndelSIEVE_benchmark_pipeline_sa_201/benchmark_results/indelsieve/from_candidate/variant_calling/stage2/mt/no_cnv/smc_mudel_sa_stage_1-smc_mudel_sa_stage_2/0003/indelsieve_median.ado	1771	826	14383	4700	0.2736825838355741	0.6819407008086253	0.390604322893692	0.0543099480570714	1771	826	14383	4700	0.2736825838355741	0.6819407008086253	0.390604322893692	0.0543099480570714	0	0	21680	0	NA	NA	NA	0.0
40	5	20	0.001999	0.3	1e-06	1e-07	0.0	0004	sieve	candidate_snvs	smc_mu_sa_stage_1-smc_mu_sa_stage_2	mt	no_cnv	/raid/kang/DelSIEVE/simulation_results/IndelSIEVE_benchmark_pipeline_sa_201/benchmark_results/simulated_data/results/cell_names	/raid/kang/DelSIEVE/simulation_results/IndelSIEVE_benchmark_pipeline_sa_201/benchmark_results/indelsieve/from_candidate/variant_calling/stage2/mt/no_cnv/smc_mu_sa_stage_1-smc_mu_sa_stage_2/0004/indelsieve_median.cell_names	/raid/kang/DelSIEVE/simulation_results/IndelSIEVE_benchmark_pipeline_sa_201/benchmark_results/indelsieve/from_candidate/variant_calling/stage2/mt/no_cnv/smc_mu_sa_stage_1-smc_mu_sa_stage_2/0004/indelsieve_median.loci_info	/raid/kang/DelSIEVE/simulation_results/IndelSIEVE_benchmark_pipeline_sa_201/benchmark_results/simulated_data/results/ado_state_dir/ado_states.0004	/raid/kang/DelSIEVE/simulation_results/IndelSIEVE_benchmark_pipeline_sa_201/benchmark_results/indelsieve/from_candidate/variant_calling/stage2/mt/no_cnv/smc_mu_sa_stage_1-smc_mu_sa_stage_2/0004/indelsieve_median.ado	975	497	8042	2726	0.2634423128884085	0.6623641304347826	0.3769572781751401	0.0582035367139009	975	497	8042	2726	0.2634423128884085	0.6623641304347826	0.3769572781751401	0.0582035367139009	0	0	12240	0	NA	NA	NA	0.0
40	5	20	0.001999	0.3	1e-06	1e-07	0.0	0004	indelsieve	candidate_snvs	smc_mudel_sa_stage_1-smc_mudel_sa_stage_2	mt	no_cnv	/raid/kang/DelSIEVE/simulation_results/IndelSIEVE_benchmark_pipeline_sa_201/benchmark_results/simulated_data/results/cell_names	/raid/kang/DelSIEVE/simulation_results/IndelSIEVE_benchmark_pipeline_sa_201/benchmark_results/indelsieve/from_candidate/variant_calling/stage2/mt/no_cnv/smc_mudel_sa_stage_1-smc_mudel_sa_stage_2/0004/indelsieve_median.cell_names	/raid/kang/DelSIEVE/simulation_results/IndelSIEVE_benchmark_pipeline_sa_201/benchmark_results/indelsieve/from_candidate/variant_calling/stage2/mt/no_cnv/smc_mudel_sa_stage_1-smc_mudel_sa_stage_2/0004/indelsieve_median.loci_info	/raid/kang/DelSIEVE/simulation_results/IndelSIEVE_benchmark_pipeline_sa_201/benchmark_results/simulated_data/results/ado_state_dir/ado_states.0004	/raid/kang/DelSIEVE/simulation_results/IndelSIEVE_benchmark_pipeline_sa_201/benchmark_results/indelsieve/from_candidate/variant_calling/stage2/mt/no_cnv/smc_mudel_sa_stage_1-smc_mudel_sa_stage_2/0004/indelsieve_median.ado	969	493	8046	2732	0.2618211294244799	0.6627906976744186	0.3753631609529343	0.057735097786626	969	493	8046	2732	0.2618211294244799	0.6627906976744186	0.3753631609529343	0.057735097786626	0	0	12240	0	NA	NA	NA	0.0
40	5	20	0.001999	0.3	1e-06	1e-07	0.0	0005	sieve	candidate_snvs	smc_mu_sa_stage_1-smc_mu_sa_stage_2	mt	no_cnv	/raid/kang/DelSIEVE/simulation_results/IndelSIEVE_benchmark_pipeline_sa_201/benchmark_results/simulated_data/results/cell_names	/raid/kang/DelSIEVE/simulation_results/IndelSIEVE_benchmark_pipeline_sa_201/benchmark_results/indelsieve/from_candidate/variant_calling/stage2/mt/no_cnv/smc_mu_sa_stage_1-smc_mu_sa_stage_2/0005/indelsieve_median.cell_names	/raid/kang/DelSIEVE/simulation_results/IndelSIEVE_benchmark_pipeline_sa_201/benchmark_results/indelsieve/from_candidate/variant_calling/stage2/mt/no_cnv/smc_mu_sa_stage_1-smc_mu_sa_stage_2/0005/indelsieve_median.loci_info	/raid/kang/DelSIEVE/simulation_results/IndelSIEVE_benchmark_pipeline_sa_201/benchmark_results/simulated_data/results/ado_state_dir/ado_states.0005	/raid/kang/DelSIEVE/simulation_results/IndelSIEVE_benchmark_pipeline_sa_201/benchmark_results/indelsieve/from_candidate/variant_calling/stage2/mt/no_cnv/smc_mu_sa_stage_1-smc_mu_sa_stage_2/0005/indelsieve_median.ado	2013	998	15452	5137	0.2815384615384615	0.6685486549319163	0.3962208444050782	0.0606686930091185	2013	998	15452	5137	0.2815384615384615	0.6685486549319163	0.3962208444050782	0.0606686930091185	0	0	23600	0	NA	NA	NA	0.0
40	5	20	0.001999	0.3	1e-06	1e-07	0.0	0005	indelsieve	candidate_snvs	smc_mudel_sa_stage_1-smc_mudel_sa_stage_2	mt	no_cnv	/raid/kang/DelSIEVE/simulation_results/IndelSIEVE_benchmark_pipeline_sa_201/benchmark_results/simulated_data/results/cell_names	/raid/kang/DelSIEVE/simulation_results/IndelSIEVE_benchmark_pipeline_sa_201/benchmark_results/indelsieve/from_candidate/variant_calling/stage2/mt/no_cnv/smc_mudel_sa_stage_1-smc_mudel_sa_stage_2/0005/indelsieve_median.cell_names	/raid/kang/DelSIEVE/simulation_results/IndelSIEVE_benchmark_pipeline_sa_201/benchmark_results/indelsieve/from_candidate/variant_calling/stage2/mt/no_cnv/smc_mudel_sa_stage_1-smc_mudel_sa_stage_2/0005/indelsieve_median.loci_info	/raid/kang/DelSIEVE/simulation_results/IndelSIEVE_benchmark_pipeline_sa_201/benchmark_results/simulated_data/results/ado_state_dir/ado_states.0005	/raid/kang/DelSIEVE/simulation_results/IndelSIEVE_benchmark_pipeline_sa_201/benchmark_results/indelsieve/from_candidate/variant_calling/stage2/mt/no_cnv/smc_mudel_sa_stage_1-smc_mudel_sa_stage_2/0005/indelsieve_median.ado	2013	998	15452	5137	0.2815384615384615	0.6685486549319163	0.3962208444050782	0.0606686930091185	2013	998	15452	5137	0.2815384615384615	0.6685486549319163	0.3962208444050782	0.0606686930091185	0	0	23600	0	NA	NA	NA	0.0
40	5	20	0.001999	0.3	1e-06	1e-07	0.0	0006	sieve	candidate_snvs	smc_mu_sa_stage_1-smc_mu_sa_stage_2	mt	no_cnv	/raid/kang/DelSIEVE/simulation_results/IndelSIEVE_benchmark_pipeline_sa_201/benchmark_results/simulated_data/results/cell_names	/raid/kang/DelSIEVE/simulation_results/IndelSIEVE_benchmark_pipeline_sa_201/benchmark_results/indelsieve/from_candidate/variant_calling/stage2/mt/no_cnv/smc_mu_sa_stage_1-smc_mu_sa_stage_2/0006/indelsieve_median.cell_names	/raid/kang/DelSIEVE/simulation_results/IndelSIEVE_benchmark_pipeline_sa_201/benchmark_results/indelsieve/from_candidate/variant_calling/stage2/mt/no_cnv/smc_mu_sa_stage_1-smc_mu_sa_stage_2/0006/indelsieve_median.loci_info	/raid/kang/DelSIEVE/simulation_results/IndelSIEVE_benchmark_pipeline_sa_201/benchmark_results/simulated_data/results/ado_state_dir/ado_states.0006	/raid/kang/DelSIEVE/simulation_results/IndelSIEVE_benchmark_pipeline_sa_201/benchmark_results/indelsieve/from_candidate/variant_calling/stage2/mt/no_cnv/smc_mu_sa_stage_1-smc_mu_sa_stage_2/0006/indelsieve_median.ado	864	450	8367	2879	0.2308308843173924	0.6575342465753424	0.3417045679256476	0.0510377679482817	864	450	8367	2879	0.2308308843173924	0.6575342465753424	0.3417045679256476	0.0510377679482817	0	0	12560	0	NA	NA	NA	0.0
40	5	20	0.001999	0.3	1e-06	1e-07	0.0	0006	indelsieve	candidate_snvs	smc_mudel_sa_stage_1-smc_mudel_sa_stage_2	mt	no_cnv	/raid/kang/DelSIEVE/simulation_results/IndelSIEVE_benchmark_pipeline_sa_201/benchmark_results/simulated_data/results/cell_names	/raid/kang/DelSIEVE/simulation_results/IndelSIEVE_benchmark_pipeline_sa_201/benchmark_results/indelsieve/from_candidate/variant_calling/stage2/mt/no_cnv/smc_mudel_sa_stage_1-smc_mudel_sa_stage_2/0006/indelsieve_median.cell_names	/raid/kang/DelSIEVE/simulation_results/IndelSIEVE_benchmark_pipeline_sa_201/benchmark_results/indelsieve/from_candidate/variant_calling/stage2/mt/no_cnv/smc_mudel_sa_stage_1-smc_mudel_sa_stage_2/0006/indelsieve_median.loci_info	/raid/kang/DelSIEVE/simulation_results/IndelSIEVE_benchmark_pipeline_sa_201/benchmark_results/simulated_data/results/ado_state_dir/ado_states.0006	/raid/kang/DelSIEVE/simulation_results/IndelSIEVE_benchmark_pipeline_sa_201/benchmark_results/indelsieve/from_candidate/variant_calling/stage2/mt/no_cnv/smc_mudel_sa_stage_1-smc_mudel_sa_stage_2/0006/indelsieve_median.ado	868	453	8364	2875	0.2318995458188618	0.6570779712339136	0.3428120063191153	0.0513780197346036	868	453	8364	2875	0.2318995458188618	0.6570779712339136	0.3428120063191153	0.0513780197346036	0	0	12560	0	NA	NA	NA	0.0
40	5	20	0.001999	0.3	1e-06	1e-07	0.0	0007	sieve	candidate_snvs	smc_mu_sa_stage_1-smc_mu_sa_stage_2	mt	no_cnv	/raid/kang/DelSIEVE/simulation_results/IndelSIEVE_benchmark_pipeline_sa_201/benchmark_results/simulated_data/results/cell_names	/raid/kang/DelSIEVE/simulation_results/IndelSIEVE_benchmark_pipeline_sa_201/benchmark_results/indelsieve/from_candidate/variant_calling/stage2/mt/no_cnv/smc_mu_sa_stage_1-smc_mu_sa_stage_2/0007/indelsieve_median.cell_names	/raid/kang/DelSIEVE/simulation_results/IndelSIEVE_benchmark_pipeline_sa_201/benchmark_results/indelsieve/from_candidate/variant_calling/stage2/mt/no_cnv/smc_mu_sa_stage_1-smc_mu_sa_stage_2/0007/indelsieve_median.loci_info	/raid/kang/DelSIEVE/simulation_results/IndelSIEVE_benchmark_pipeline_sa_201/benchmark_results/simulated_data/results/ado_state_dir/ado_states.0007	/raid/kang/DelSIEVE/simulation_results/IndelSIEVE_benchmark_pipeline_sa_201/benchmark_results/indelsieve/from_candidate/variant_calling/stage2/mt/no_cnv/smc_mu_sa_stage_1-smc_mu_sa_stage_2/0007/indelsieve_median.ado	1402	732	13138	4408	0.2413080895008605	0.6569821930646673	0.3529707955689828	0.0527757750540735	1402	732	13138	4408	0.2413080895008605	0.6569821930646673	0.3529707955689828	0.0527757750540735	0	0	19680	0	NA	NA	NA	0.0
40	5	20	0.001999	0.3	1e-06	1e-07	0.0	0007	indelsieve	candidate_snvs	smc_mudel_sa_stage_1-smc_mudel_sa_stage_2	mt	no_cnv	/raid/kang/DelSIEVE/simulation_results/IndelSIEVE_benchmark_pipeline_sa_201/benchmark_results/simulated_data/results/cell_names	/raid/kang/DelSIEVE/simulation_results/IndelSIEVE_benchmark_pipeline_sa_201/benchmark_results/indelsieve/from_candidate/variant_calling/stage2/mt/no_cnv/smc_mudel_sa_stage_1-smc_mudel_sa_stage_2/0007/indelsieve_median.cell_names	/raid/kang/DelSIEVE/simulation_results/IndelSIEVE_benchmark_pipeline_sa_201/benchmark_results/indelsieve/from_candidate/variant_calling/stage2/mt/no_cnv/smc_mudel_sa_stage_1-smc_mudel_sa_stage_2/0007/indelsieve_median.loci_info	/raid/kang/DelSIEVE/simulation_results/IndelSIEVE_benchmark_pipeline_sa_201/benchmark_results/simulated_data/results/ado_state_dir/ado_states.0007	/raid/kang/DelSIEVE/simulation_results/IndelSIEVE_benchmark_pipeline_sa_201/benchmark_results/indelsieve/from_candidate/variant_calling/stage2/mt/no_cnv/smc_mudel_sa_stage_1-smc_mudel_sa_stage_2/0007/indelsieve_median.ado	1306	650	13220	4504	0.2247848537005163	0.6676891615541922	0.3363378830800927	0.0468637346791636	1306	650	13220	4504	0.2247848537005163	0.6676891615541922	0.3363378830800927	0.0468637346791636	0	0	19680	0	NA	NA	NA	0.0
40	5	20	0.001999	0.3	1e-06	1e-07	0.0	0008	sieve	candidate_snvs	smc_mu_sa_stage_1-smc_mu_sa_stage_2	mt	no_cnv	/raid/kang/DelSIEVE/simulation_results/IndelSIEVE_benchmark_pipeline_sa_201/benchmark_results/simulated_data/results/cell_names	/raid/kang/DelSIEVE/simulation_results/IndelSIEVE_benchmark_pipeline_sa_201/benchmark_results/indelsieve/from_candidate/variant_calling/stage2/mt/no_cnv/smc_mu_sa_stage_1-smc_mu_sa_stage_2/0008/indelsieve_median.cell_names	/raid/kang/DelSIEVE/simulation_results/IndelSIEVE_benchmark_pipeline_sa_201/benchmark_results/indelsieve/from_candidate/variant_calling/stage2/mt/no_cnv/smc_mu_sa_stage_1-smc_mu_sa_stage_2/0008/indelsieve_median.loci_info	/raid/kang/DelSIEVE/simulation_results/IndelSIEVE_benchmark_pipeline_sa_201/benchmark_results/simulated_data/results/ado_state_dir/ado_states.0008	/raid/kang/DelSIEVE/simulation_results/IndelSIEVE_benchmark_pipeline_sa_201/benchmark_results/indelsieve/from_candidate/variant_calling/stage2/mt/no_cnv/smc_mu_sa_stage_1-smc_mu_sa_stage_2/0008/indelsieve_median.ado	1191	592	10692	3605	0.2483319432860717	0.6679753224901851	0.3620611035111719	0.0524636653668911	1191	592	10692	3605	0.2483319432860717	0.6679753224901851	0.3620611035111719	0.0524636653668911	0	0	16080	0	NA	NA	NA	0.0
40	5	20	0.001999	0.3	1e-06	1e-07	0.0	0008	indelsieve	candidate_snvs	smc_mudel_sa_stage_1-smc_mudel_sa_stage_2	mt	no_cnv	/raid/kang/DelSIEVE/simulation_results/IndelSIEVE_benchmark_pipeline_sa_201/benchmark_results/simulated_data/results/cell_names	/raid/kang/DelSIEVE/simulation_results/IndelSIEVE_benchmark_pipeline_sa_201/benchmark_results/indelsieve/from_candidate/variant_calling/stage2/mt/no_cnv/smc_mudel_sa_stage_1-smc_mudel_sa_stage_2/0008/indelsieve_median.cell_names	/raid/kang/DelSIEVE/simulation_results/IndelSIEVE_benchmark_pipeline_sa_201/benchmark_results/indelsieve/from_candidate/variant_calling/stage2/mt/no_cnv/smc_mudel_sa_stage_1-smc_mudel_sa_stage_2/0008/indelsieve_median.loci_info	/raid/kang/DelSIEVE/simulation_results/IndelSIEVE_benchmark_pipeline_sa_201/benchmark_results/simulated_data/results/ado_state_dir/ado_states.0008	/raid/kang/DelSIEVE/simulation_results/IndelSIEVE_benchmark_pipeline_sa_201/benchmark_results/indelsieve/from_candidate/variant_calling/stage2/mt/no_cnv/smc_mudel_sa_stage_1-smc_mudel_sa_stage_2/0008/indelsieve_median.ado	1170	574	10710	3626	0.24395329441201	0.6708715596330275	0.3577981651376147	0.0508684863523573	1170	574	10710	3626	0.24395329441201	0.6708715596330275	0.3577981651376147	0.0508684863523573	0	0	16080	0	NA	NA	NA	0.0
40	5	20	0.001999	0.3	1e-06	1e-07	0.0	0009	sieve	candidate_snvs	smc_mu_sa_stage_1-smc_mu_sa_stage_2	mt	no_cnv	/raid/kang/DelSIEVE/simulation_results/IndelSIEVE_benchmark_pipeline_sa_201/benchmark_results/simulated_data/results/cell_names	/raid/kang/DelSIEVE/simulation_results/IndelSIEVE_benchmark_pipeline_sa_201/benchmark_results/indelsieve/from_candidate/variant_calling/stage2/mt/no_cnv/smc_mu_sa_stage_1-smc_mu_sa_stage_2/0009/indelsieve_median.cell_names	/raid/kang/DelSIEVE/simulation_results/IndelSIEVE_benchmark_pipeline_sa_201/benchmark_results/indelsieve/from_candidate/variant_calling/stage2/mt/no_cnv/smc_mu_sa_stage_1-smc_mu_sa_stage_2/0009/indelsieve_median.loci_info	/raid/kang/DelSIEVE/simulation_results/IndelSIEVE_benchmark_pipeline_sa_201/benchmark_results/simulated_data/results/ado_state_dir/ado_states.0009	/raid/kang/DelSIEVE/simulation_results/IndelSIEVE_benchmark_pipeline_sa_201/benchmark_results/indelsieve/from_candidate/variant_calling/stage2/mt/no_cnv/smc_mu_sa_stage_1-smc_mu_sa_stage_2/0009/indelsieve_median.ado	1390	841	13723	4846	0.2228992944194996	0.6230389959659346	0.3283335301759774	0.0577451249656687	1390	841	13723	4846	0.2228992944194996	0.6230389959659346	0.3283335301759774	0.0577451249656687	0	0	20800	0	NA	NA	NA	0.0
40	5	20	0.001999	0.3	1e-06	1e-07	0.0	0009	indelsieve	candidate_snvs	smc_mudel_sa_stage_1-smc_mudel_sa_stage_2	mt	no_cnv	/raid/kang/DelSIEVE/simulation_results/IndelSIEVE_benchmark_pipeline_sa_201/benchmark_results/simulated_data/results/cell_names	/raid/kang/DelSIEVE/simulation_results/IndelSIEVE_benchmark_pipeline_sa_201/benchmark_results/indelsieve/from_candidate/variant_calling/stage2/mt/no_cnv/smc_mudel_sa_stage_1-smc_mudel_sa_stage_2/0009/indelsieve_median.cell_names	/raid/kang/DelSIEVE/simulation_results/IndelSIEVE_benchmark_pipeline_sa_201/benchmark_results/indelsieve/from_candidate/variant_calling/stage2/mt/no_cnv/smc_mudel_sa_stage_1-smc_mudel_sa_stage_2/0009/indelsieve_median.loci_info	/raid/kang/DelSIEVE/simulation_results/IndelSIEVE_benchmark_pipeline_sa_201/benchmark_results/simulated_data/results/ado_state_dir/ado_states.0009	/raid/kang/DelSIEVE/simulation_results/IndelSIEVE_benchmark_pipeline_sa_201/benchmark_results/indelsieve/from_candidate/variant_calling/stage2/mt/no_cnv/smc_mudel_sa_stage_1-smc_mudel_sa_stage_2/0009/indelsieve_median.ado	1391	839	13725	4845	0.223059653624118	0.6237668161434977	0.3286085518544767	0.0576078000549299	1391	839	13725	4845	0.223059653624118	0.6237668161434977	0.3286085518544767	0.0576078000549299	0	0	20800	0	NA	NA	NA	0.0
40	5	20	0.001999	0.3	1e-06	1e-07	0.0	0010	sieve	candidate_snvs	smc_mu_sa_stage_1-smc_mu_sa_stage_2	mt	no_cnv	/raid/kang/DelSIEVE/simulation_results/IndelSIEVE_benchmark_pipeline_sa_201/benchmark_results/simulated_data/results/cell_names	/raid/kang/DelSIEVE/simulation_results/IndelSIEVE_benchmark_pipeline_sa_201/benchmark_results/indelsieve/from_candidate/variant_calling/stage2/mt/no_cnv/smc_mu_sa_stage_1-smc_mu_sa_stage_2/0010/indelsieve_median.cell_names	/raid/kang/DelSIEVE/simulation_results/IndelSIEVE_benchmark_pipeline_sa_201/benchmark_results/indelsieve/from_candidate/variant_calling/stage2/mt/no_cnv/smc_mu_sa_stage_1-smc_mu_sa_stage_2/0010/indelsieve_median.loci_info	/raid/kang/DelSIEVE/simulation_results/IndelSIEVE_benchmark_pipeline_sa_201/benchmark_results/simulated_data/results/ado_state_dir/ado_states.0010	/raid/kang/DelSIEVE/simulation_results/IndelSIEVE_benchmark_pipeline_sa_201/benchmark_results/indelsieve/from_candidate/variant_calling/stage2/mt/no_cnv/smc_mu_sa_stage_1-smc_mu_sa_stage_2/0010/indelsieve_median.ado	570	318	8031	2881	0.165169516082295	0.6418918918918919	0.2627333486978566	0.0380883938196191	570	318	8031	2881	0.165169516082295	0.6418918918918919	0.2627333486978566	0.0380883938196191	0	0	11800	0	NA	NA	NA	0.0
40	5	20	0.001999	0.3	1e-06	1e-07	0.0	0010	indelsieve	candidate_snvs	smc_mudel_sa_stage_1-smc_mudel_sa_stage_2	mt	no_cnv	/raid/kang/DelSIEVE/simulation_results/IndelSIEVE_benchmark_pipeline_sa_201/benchmark_results/simulated_data/results/cell_names	/raid/kang/DelSIEVE/simulation_results/IndelSIEVE_benchmark_pipeline_sa_201/benchmark_results/indelsieve/from_candidate/variant_calling/stage2/mt/no_cnv/smc_mudel_sa_stage_1-smc_mudel_sa_stage_2/0010/indelsieve_median.cell_names	/raid/kang/DelSIEVE/simulation_results/IndelSIEVE_benchmark_pipeline_sa_201/benchmark_results/indelsieve/from_candidate/variant_calling/stage2/mt/no_cnv/smc_mudel_sa_stage_1-smc_mudel_sa_stage_2/0010/indelsieve_median.loci_info	/raid/kang/DelSIEVE/simulation_results/IndelSIEVE_benchmark_pipeline_sa_201/benchmark_results/simulated_data/results/ado_state_dir/ado_states.0010	/raid/kang/DelSIEVE/simulation_results/IndelSIEVE_benchmark_pipeline_sa_201/benchmark_results/indelsieve/from_candidate/variant_calling/stage2/mt/no_cnv/smc_mudel_sa_stage_1-smc_mudel_sa_stage_2/0010/indelsieve_median.ado	533	283	8066	2918	0.1544479860909881	0.6531862745098039	0.2498242324818373	0.0338962750029943	533	283	8066	2918	0.1544479860909881	0.6531862745098039	0.2498242324818373	0.0338962750029943	0	0	11800	0	NA	NA	NA	0.0
